RANK,NAME,ADDRESS,ADDRESS2,CITY,STATE,ZIP,COUNTY,EMPLOYEES,REVENUES,LATITUDE,LONGITUDE,WEBSITE,PROFIT
49,ALBERTSONS COS.,250 PARKCENTER BOULEVARD,NOT AVAILABLE,BOISE,ID,83706,ADA,274000,58734,43.59974,-116.18099,HTTPS://WWW.ALBERTSONS.COM/#1,-502.2
226,MICRON TECHNOLOGY,8000 SOUTH FEDERAL WAY,NOT AVAILABLE,BOISE,ID,83716,ADA,31400,12399,43.52925,-116.14697,HTTPS://WWW.MICRON.COM/,-276
290,LABORATORY CORP. OF AMERICA,358 SOUTH MAIN STREET,NOT AVAILABLE,BURLINGTON,NC,27215,ALAMANCE,52000,9642,36.09317,-79.43739,HTTPS://WWW.LABCORP.COM/,732.1
440,LAM RESEARCH,4650 CUSHING PARKWAY,NOT AVAILABLE,FREMONT,CA,94538,ALAMEDA,7500,5886,37.4886,-121.95694,HTTPS://WWW.LAMRESEARCH.COM/,914
198,SYNNEX,44201 NOBEL DRIVE,NOT AVAILABLE,FREMONT,CA,94538,ALAMEDA,110000,14062,37.49628,-121.97965,HTTPS://WWW.SYNNEXCORP.COM/,234.9
219,ROSS STORES,5130 HACIENDA DRIVE,NOT AVAILABLE,DUBLIN,CA,94568,ALAMEDA,78600,12867,37.71041,-121.89039,HTTPS://WWW.ROSSSTORES.COM/,1117.7
453,CLOROX,1221 BROADWAY,NOT AVAILABLE,OAKLAND,CA,94612,ALAMEDA,8000,5761,37.80348,-122.27237,HTTPS://WWW.THECLOROXCOMPANY.COM/,648
340,DICK'S SPORTING GOODS,345 COURT STREET,NOT AVAILABLE,CORAOPOLIS,PA,15108,ALLEGHENY,27550,7922,40.50779,-80.2658,HTTPS://WWW.DICKSSPORTINGGOODS.COM/,287.4
279,UNITED STATES STEEL,600 GRANT STREET,NOT AVAILABLE,PITTSBURGH,PA,15219,ALLEGHENY,29800,10261,40.44136,-79.99485,HTTPS://WWW.USSTEEL.COM/,-440
373,WESCO INTERNATIONAL,225 WEST STATION SQUARE DRIVE,NOT AVAILABLE,PITTSBURGH,PA,15219,ALLEGHENY,9000,7336,40.43329,-80.00437,HTTPS://WWW.WESCO.COM/,101.6
166,PNC FINANCIAL SERVICES GROUP,249 5TH AVENUE,NOT AVAILABLE,PITTSBURGH,PA,15222,ALLEGHENY,50683,16423,40.44129,-80.00051,HTTPS://WWW.PNC.COM/EN/PERSONAL-BANKING.HTML,3903
183,PPG INDUSTRIES,1 PPG PLACE,NOT AVAILABLE,PITTSBURGH,PA,15272,ALLEGHENY,47000,15178,40.43992,-80.00357,HTTP://CORPORATE.PPG.COM/HOME.ASPX,877
347,STEEL DYNAMICS,7575 WEST JEFFERSON BOULEVARD,NOT AVAILABLE,FORT WAYNE,IN,46804,ALLEN,7695,7777,41.0411,-85.23743,HTTP://WWW.STEELDYNAMICS.COM/,382.1
328,NEWMONT MINING,6363 SOUTH FIDDLER'S GREEN CIRCLE,14TH FLOOR,GREENWOOD VILLAGE,CO,80111,ARAPAHOE,12438,8379,39.60092,-104.89224,HTTPS://WWW.NEWMONT.COM/HOME/DEFAULT.ASPX,-627
118,ARROW ELECTRONICS,9201 EAST DRY CREEK ROAD,NOT AVAILABLE,CENTENNIAL,CO,80112,ARAPAHOE,18700,23825,39.581553,-104.88214,HTTPS://WWW.ARROW.COM/,522.8
494,CH2M HILL,9191 SOUTH JAMAICA STREET,NOT AVAILABLE,ENGLEWOOD,CO,80112,ARAPAHOE,20000,5236,39.5482,-104.86745,HTTPS://WWW.CH2M.COM/,15
186,DISH NETWORK,9601 SOUTH MERIDIAN BOULEVARD,NOT AVAILABLE,ENGLEWOOD,CO,80112,ARAPAHOE,16000,15095,39.54506,-104.85536,HTTPS://WWW.DISH.COM/,1449.9
269,LIBERTY INTERACTIVE,12300 LIBERTY BOULEVARD,NOT AVAILABLE,ENGLEWOOD,CO,80112,ARAPAHOE,21080,10647,39.55318,-104.84571,HTTP://WWW.LIBERTYINTERACTIVE.COM/,1235
491,LIBERTY MEDIA,12300 LIBERTY BOULEVARD,NOT AVAILABLE,ENGLEWOOD,CO,80112,ARAPAHOE,3626,5276,39.55318,-104.84571,HTTP://WWW.LIBERTYMEDIA.COM/,680
478,WESTERN UNION,12500 EAST BELFORD AVENUE,NOT AVAILABLE,ENGLEWOOD,CO,80112,ARAPAHOE,10700,5423,39.54685,-104.84492,HTTPS://WWW.WESTERNUNION.COM/US/EN/HOME.HTML,253.2
194,AES,4300 WILSON BOULEVARD,NOT AVAILABLE,ARLINGTON,VA,22203,ARLINGTON,19000,14287,38.87985,-77.11261,HTTP://AES.COM/,-1130
415,CALATLANTIC GROUP,1100 WILSON BOULEVARD,SUITE 2100,ARLINGTON,VA,22209,ARLINGTON,3055,6477,38.89465,-77.07012,HTTPS://WWW.CALATLANTICHOMES.COM/,484.7
159,CUMMINS,500 JACKSON STREET,NOT AVAILABLE,COLUMBUS,IN,47201,BARTHOLOMEW,55400,17509,39.20402,-85.92326,HTTPS://WWW.CUMMINS.COM/,1394
1,WALMART,702 SW 8TH STREET,NOT AVAILABLE,BENTONVILLE,AR,72716,BENTON,2300000,485873,36.36477,-94.21763,HTTPS://WWW.WALMART.COM/,13643
407,J.B. HUNT TRANSPORT SERVICES,615 J.B. HUNT CORPORATE DRIVE,NOT AVAILABLE,LOWELL,AR,72745,BENTON,22190,6556,36.2453,-94.14745,HTTPS://WWW.JBHUNT.COM/,432.1
397,SEALED AIR,200 RIVERFRONT BOULEVARD,NOT AVAILABLE,ELMWOOD PARK,NJ,7407,BERGEN,23000,6778,40.89756,-74.1272,HTTPS://SEALEDAIR.COM/,486.4
225,BECTON DICKINSON,1 BECTON DRIVE,NOT AVAILABLE,FRANKLIN LAKES,NJ,7417,BERGEN,50928,12483,41.01613,-74.20762,HTTP://WWW.BD.COM/,976
384,ASCENA RETAIL GROUP,933 MACARTHUR BOULEVARD,NOT AVAILABLE,MAHWAH,NJ,7430,BERGEN,41000,6995,41.07444,-74.17075,HTTP://ASCENARETAIL.COM/,-11.9
205,COGNIZANT TECHNOLOGY SOLUTIONS,500 FRANK W BURR BOULEVARD,NOT AVAILABLE,TEANECK,NJ,7666,BERGEN,260200,13487,40.87398,-74.00657,HTTPS://WWW.COGNIZANT.COM/,1553
137,WHIRLPOOL,2000 NORTH M-63,NOT AVAILABLE,BENTON HARBOR,MI,49022,BERRIEN,93000,20718,42.14912,-86.44101,HTTPS://WWW.WHIRLPOOL.COM/,888
426,IHEARTMEDIA,200 EAST BASSE ROAD,SUITE 100,SAN ANTONIO,TX,78209,BEXAR,18700,6274,29.49244,-98.47939,HTTPS://WWW.IHEARTMEDIA.COM/,-296.3
307,CST BRANDS,19500 BULVERDE ROAD,SUITE 200,SAN ANTONIO,TX,78259,BEXAR,12380,9061,29.624432,-98.42136,HTTP://CORPO.COUCHE-TARD.COM/EN/,324
37,VALERO ENERGY,1 VALERO WAY,NOT AVAILABLE,SAN ANTONIO,TX,78249,BEXAR,9996,70166,29.58919,-98.606,HTTPS://WWW.VALERO.COM/EN-US,2289
117,ANDEAVOR,19100 RIDGEWOOD PARKWAY,NOT AVAILABLE,SAN ANTONIO,TX,78259,BEXAR,6308,24005,29.6161,-98.45941,HTTP://WWW.ANDEAVOR.COM/,734
102,USAA,9800 FREDERICKSBURG ROAD,NOT AVAILABLE,SAN ANTONIO,TX,78288,BEXAR,29943,27131,29.53455,-98.573,HTTPS://WWW.USAA.COM/,1779.1
363,HARRIS,1025 WEST NASA BOULEVARD,NOT AVAILABLE,MELBOURNE,FL,32919,BREVARD,21000,7527,28.0913,-80.63837,HTTPS://WWW.HARRIS.COM/,324
306,BALL,10 LONGS PEAK DRIVE,NOT AVAILABLE,BROOMFIELD,CO,80021,BROOMFIELD,18450,9061,39.91172,-105.0992,HTTP://WWW.BALL.COM/REGION-SELECTION,263
336,LEVEL 3 COMMUNICATIONS,1025 ELDORADO BOULEVARD,NOT AVAILABLE,BROOMFIELD,CO,80021,BROOMFIELD,12600,8172,39.9206,-105.14427,HTTP://WWW.LEVEL3.COM/EN/,677
129,AUTONATION,200 SW 1ST AVENUE,NOT AVAILABLE,FORT LAUDERDALE,FL,33301,BROWARD,26000,21609,26.12002,-80.14419,HTTPS://WWW.AUTONATION.COM/,430.5
463,BURLINGTON STORES,2006 ROUTH 130,NOT AVAILABLE,BURLINGTON,NJ,8016,BURLINGTON,40000,5591,40.09215,-74.80758,HTTPS://WWW.BURLINGTON.COM/,215.9
476,CINCINNATI FINANCIAL,6200 SOUTH GILMORE ROAD,NOT AVAILABLE,FAIRFIELD,OH,45014,BUTLER,4754,5449,39.30823,-84.52325,HTTPS://WWW.CINFIN.COM/,590.7
441,AK STEEL HOLDING,9227 CENTRE POINT DRIVE,NOT AVAILABLE,WEST CHESTER,OH,45069,BUTLER,8500,5883,39.32767,-84.42792,HTTP://WWW.AKSTEEL.COM/,-7.8
216,KELLOGG,1 KELLOGG SQUARE,NOT AVAILABLE,BATTLE CREEK,MI,49017,CALHOUN,37369,13014,42.3523,-85.22982,HTTPS://WWW.KELLOGGS.COM/EN_US/HOME.HTML,694
339,CAMPBELL SOUP,1 CAMPBELL PLACE,NOT AVAILABLE,CAMDEN,NJ,8103,CAMDEN,16500,7961,39.94217,-75.10737,HTTPS://WWW.CAMPBELLS.COM/CAMPBELL-SOUP/,563
136,DOLLAR TREE,500 VOLVO PARKWAY,NOT AVAILABLE,CHESAPEAKE,VA,23320,CHESAPEAKE (CITY),116050,20719,36.76982,-76.24149,HTTPS://WWW.DOLLARTREE.COM/,896.2
454,GENESIS HEALTHCARE,101 EAST STATE STREET,NOT AVAILABLE,KENNETT SQUARE,PA,19348,CHESTER,82000,5733,39.84708,-75.71159,HTTP://WWW.GENESISHCC.COM/,-64
249,LAS VEGAS SANDS,3355 LAS VEGAS BOULEVARD SOUTH,NOT AVAILABLE,LAS VEGAS,NV,89109,CLARK,49000,11410,36.12198,-115.17141,HTTPS://WWW.SANDS.COM/,1670
297,MGM RESORTS INTERNATIONAL,3600 LAS VEGAS BOULEVARD SOUTH,NOT AVAILABLE,LAS VEGAS,NV,89109,CLARK,66500,9455,36.11203,-115.17694,HTTPS://WWW.MGMRESORTS.COM/EN.HTML,1101.4
180,GENUINE PARTS,2999 CIRCLE 75 PARKWAY,NOT AVAILABLE,ATLANTA,GA,30339,COBB,40000,15340,33.89521,-84.46972,HTTPS://WWW.GENPT.COM/,687.2
364,HD SUPPLY HOLDINGS,3100 CUMBERLAND BOULEVARD,SUITE 1700,ATLANTA,GA,30339,COBB,14000,7524,33.87735,-84.46577,HTTP://WWW.HDSUPPLY.COM/,196
23,HOME DEPOT,2455 PACES FERRY ROAD NW,NOT AVAILABLE,ATLANTA,GA,30339,COBB,406000,94595,33.86197,-84.48297,HTTPS://WWW.HOMEDEPOT.COM/,7957
378,ALLIANCE DATA SYSTEMS,7500 DALLAS PARKWAY,SUITE 700,PLANO,TX,75024,COLLIN,17000,7138,33.08093,-96.82359,HTTPS://WWW.ALLIANCEDATA.COM/,515.8
416,DR PEPPER SNAPPLE GROUP,5301 LEGACY DRIVE,NOT AVAILABLE,PLANO,TX,75024,COLLIN,20000,6440,33.07563,-96.80476,HTTPS://WWW.DRPEPPERSNAPPLEGROUP.COM/,847
221,J.C. PENNEY,6501 LEGACY DRIVE,NOT AVAILABLE,PLANO,TX,75024,COLLIN,106000,12547,33.0811,-96.83171,HTTPS://WWW.JCPENNEY.COM/,1
399,YUM CHINA HOLDINGS,7100 CORPORATE DRIVE,NOT AVAILABLE,PLANO,TX,75024,COLLIN,420000,6752,33.07438,-96.83538,HTTP://WWW.YUM.COM/COMPANY/OUR-BRANDS/CHINA/,502
19,CHEVRON,6001 BOLLINGER CANYON ROAD,NOT AVAILABLE,SAN RAMON,CA,94583,CONTRA COSTA,55200,107567,37.75832,-121.95969,HTTPS://WWW.CHEVRON.COM/,-497
124,US FOODS HOLDING,9399 WEST HIGGINS ROAD,SUITE 500,ROSEMONT,IL,60018,COOK,25000,22919,41.9889,-87.85781,HTTPS://WWW.USFOODS.COM/,209.8
359,ANIXTER INTERNATIONAL,2301 PATRIOT BOULEVARD,NOT AVAILABLE,GLENVIEW,IL,60026,COOK,8900,7625,42.09727,-87.82337,HTTPS://WWW.ANIXTER.COM/EN_US.HTML,120.5
202,ILLINOIS TOOL WORKS,3600 WEST LAKE AVENUE,NOT AVAILABLE,GLENVIEW,IL,60026,COOK,50000,13599,42.08769,-87.84604,HTTP://WWW.ITW.COM/,2035
84,ALLSTATE,2775 SANDERS ROAD,NOT AVAILABLE,NORTHBROOK,IL,60062,COOK,43275,36534,42.09907,-87.87074,HTTPS://WWW.ALLSTATE.COM/,1877
106,KRAFT HEINZ,200 EAST RANDOLPH STREET,NOT AVAILABLE,CHICAGO,IL,60601,COOK,41000,26487,41.885297,-87.621006,HTTP://WWW.KRAFTHEINZCOMPANY.COM/,3632
456,INGREDION,5 WESTBROOK CORPORATE CENTER,SUITE 500,WESTCHESTER,IL,60154,COOK,11000,5704,41.84558,-87.90225,HTTPS://WWW.INGREDION.COM/,484.9
127,SEARS HOLDINGS,3333 BEVERLY ROAD,NOT AVAILABLE,HOFFMAN ESTATES,IL,60179,COOK,140000,22138,42.08016,-88.22354,HTTP://WWW.SEARS.COM/,-2221
433,MOTOROLA SOLUTIONS,500 WEST MONROE STREET,SUITE 4400,CHICAGO,IL,60661,COOK,14000,6038,41.880843,-87.64077,HTTPS://WWW.MOTOROLASOLUTIONS.COM/EN_US.HTML,560
391,JONES LANG LASALLE,200 EAST RANDOLPH DRIVE,NOT AVAILABLE,CHICAGO,IL,60601,COOK,77300,6804,41.88526,-87.62148,HTTP://WWW.US.JLL.COM/UNITED-STATES/EN-US,318.2
439,OLD REPUBLIC INTERNATIONAL,307 NORTH MICHIGAN AVENUE,NOT AVAILABLE,CHICAGO,IL,60601,COOK,8500,5901,41.8871,-87.62429,HTTP://WWW.OLDREPUBLIC.COM/,466.9
89,EXELON,10 SOUTH DEARBORN STREET,NOT AVAILABLE,CHICAGO,IL,60603,COOK,34396,31360,41.88133,-87.63014,HTTP://WWW.EXELONCORP.COM/,1134
24,BOEING,100 NORTH RIVERSIDE PLAZA,NOT AVAILABLE,CHICAGO,IL,60606,COOK,150540,94571,41.88355,-87.63855,HTTP://WWW.BOEING.COM/,4895
388,R.R. DONNELLEY & SONS,35 W WACKER DRIVE,NOT AVAILABLE,CHICAGO,IL,60606,COOK,44360,6896,41.886583,-87.629188,HTTPS://WWW.RRDONNELLEY.COM/,-495.9
83,UNITED CONTINENTAL HOLDINGS,233 SOUTH WACKER DRIVE,NOT AVAILABLE,CHICAGO,IL,60606,COOK,88000,36556,41.8787,-87.63598,HTTPS://WWW.UNITED.COM/UAL/EN/US/,2263
304,LKQ,500 WEST MADISON STREET,SUITE 2800,CHICAGO,IL,60661,COOK,42500,9082,41.88235,-87.64047,HTTP://WWW.LKQCORP.COM/EN-US/,464
91,RITE AID,30 HUNTER LANE,NOT AVAILABLE,CAMP HILL,PA,17011,CUMBERLAND,70580,30737,40.25675,-76.91367,HTTPS://WWW.RITEAID.COM/,165.5
479,KEYCORP,127 PUBLIC SQUARE,NOT AVAILABLE,CLEVELAND,OH,44114,CUYAHOGA,15700,5422,41.50094,-81.69401,HTTPS://WWW.KEY.COM/PERSONAL/INDEX.JSP?KEY=COM,791
236,SHERWIN-WILLIAMS,101 WEST PROSPECT AVENUE,SUITE 1020,CLEVELAND,OH,44115,CUYAHOGA,42550,11856,41.49747,-81.69359,HTTPS://WWW.SHERWIN-WILLIAMS.COM/,1132.7
251,PARKER-HANNIFIN,6035 PARKLAND BOULEVARD,NOT AVAILABLE,CLEVELAND,OH,44124,CUYAHOGA,48950,11361,41.50688,-81.46095,HTTP://WWW.PARKER.COM/PORTAL/SITE/PARKER/,806.8
120,PROGRESSIVE,6300 WILSON MILLS ROAD,NOT AVAILABLE,MAYFIELD VILLAGE,OH,44143,CUYAHOGA,31721,23441,41.53704,-81.45156,HTTPS://WWW.PROGRESSIVE.COM/,1031
470,TRAVELCENTERS OF AMERICA,24601 CENTER RIDGE ROAD,SUITE 200,WESTLAKE,OH,44145,CUYAHOGA,20259,5511,41.45648,-81.89416,HTTPS://WWW.TA-PETRO.COM/,-2
93,CHS,5500 CENEX DRIVE,NOT AVAILABLE,INVER GROVE HEIGHT,MN,55077,DAKOTA,12157,30347,44.86943,-93.06283,HTTP://WWW.CHSINC.COM/,424.2
466,PATTERSON,1031 MENDOTA HEIGHTS ROAD,NOT AVAILABLE,SAINT PAUL,MN,55120,DAKOTA,7000,5555,44.86743,-93.14265,HTTPS://WWW.PATTERSONCOMPANIES.COM/HOME/DEFAULT.ASPX,187.2
155,KIMBERLY-CLARK,351 PHELPS DRIVE,NOT AVAILABLE,IRVING,TX,75038,DALLAS,42000,18202,32.86992,-96.95025,HTTPS://WWW.KIMBERLY-CLARK.COM/EN-US,2166
484,CELANESE,222 WEST LAS COLINAS BOULEVARD,NOT AVAILABLE,IRVING,TX,75039,DALLAS,7293,5389,32.87148,-96.94402,HTTPS://WWW.CELANESE.COM/,900
4,EXXON MOBIL,5959 LAS COLINAS BOULEVARD,NOT AVAILABLE,IRVING,TX,75039,DALLAS,72700,205004,32.89021,-96.94977,HTTP://CORPORATE.EXXONMOBIL.COM/,7840
149,FLUOR,6700 LAS COLINAS BOULEVARD,NOT AVAILABLE,IRVING,TX,75039,DALLAS,61551,19037,32.90331,-96.94971,HTTP://WWW.FLUOR.COM/,281.4
499,VISTRA ENERGY,6555 SIERRA DRIVE,NOT AVAILABLE,IRVING,TX,75039,DALLAS,4431,5164,32.89835,-96.96431,HTTPS://WWW.VISTRAENERGY.COM/,-99999
496,MICHAELS COS.,8000 BENT BRANCH DRIVE,NOT AVAILABLE,IRVING,TX,75063,DALLAS,31000,5197,32.91509,-96.98834,HTTP://WWW.MICHAELS.COM/,378.2
421,BUILDERS FIRSTSOURCE,2001 BRYAN STREET,SUITE 1600,DALLAS,TX,75201,DALLAS,14000,6367,32.78526,-96.79636,HTTPS://WWW.BLDR.COM/,144.3
274,HOLLYFRONTIER,2828 NORTH HARWOOD,SUITE 1300,DALLAS,TX,75201,DALLAS,2676,10536,32.79448,-96.80818,HTTPS://WWW.HOLLYFRONTIER.COM/HOME/DEFAULT.ASPX,-260.5
9,AT&T,208 SOUTH AKARD STREET,NOT AVAILABLE,DALLAS,TX,75202,DALLAS,268540,163786,32.77946,-96.7993,HTTPS://WWW.ATT.COM/WIRELESS/,12976
134,TENET HEALTHCARE,1445 ROSS AVENUE,NOT AVAILABLE,DALLAS,TX,75202,DALLAS,116475,21070,32.78485,-96.80259,HTTPS://WWW.TENETHEALTH.COM/,-192
351,DEAN FOODS,2711 NORTH HASKELL AVENUE,NOT AVAILABLE,DALLAS,TX,75204,DALLAS,17000,7710,32.80555,-96.79212,HTTP://WWW.DEANFOODS.COM/,119.9
79,ENERGY TRANSFER EQUITY,8111 WESTCHESTER DRIVE,NOT AVAILABLE,DALLAS,TX,75225,DALLAS,30992,37504,32.861433,-96.807209,HTTPS://WWW.ENERGYTRANSFER.COM/OVERVIEW_ETE.ASPX,995
138,SOUTHWEST AIRLINES,2702 LOVE FIELD DRIVE,NOT AVAILABLE,DALLAS,TX,75235,DALLAS,53536,20425,32.84607,-96.86395,HTTPS://WWW.SOUTHWEST.COM/,2244
206,TEXAS INSTRUMENTS,12500 TI BOULEVARD,NOT AVAILABLE,DALLAS,TX,75243,DALLAS,29865,13370,32.91043,-96.75812,HTTP://WWW.TI.COM/,3595
315,AMERICAN FAMILY INSURANCE GROUP,6000 AMERICAN PARKWAY,NOT AVAILABLE,MADISON,WI,53783,DANE,10471,8829,43.1549,-89.28863,HTTPS://WWW.AMFAM.COM/,325.6
369,HERSHEY,100 CRYSTAL A DRIVE,NOT AVAILABLE,HERSHEY,PA,17033,DAUPHIN,17140,7440,40.30256,-76.64913,HTTPS://WWW.HERSHEYS.COM/EN_US/HOME.HTML,720
128,DOLLAR GENERAL,100 MISSION RIDGE,NOT AVAILABLE,GOODLETTSVILLE,TN,37072,DAVIDSON,121000,21987,36.30908,-86.6993,HTTPS://WWW.DOLLARGENERAL.COM/,1251.1
63,HCA HOLDINGS,1 PARK PLAZA,NOT AVAILABLE,NASHVILLE,TN,37203,DAVIDSON,210500,44747,36.15317,-86.81451,HTTPS://HCAHEALTHCARE.COM/,2890
489,AIRGAS,259 NORTH RADNOR-CHESTER ROAD,NOT AVAILABLE,RADNOR,PA,19087,DELAWARE,17000,5314,40.04169,-75.35803,HTTP://WWW.AIRGAS.COM/,337.5
11,AMERISOURCEBERGEN,1300 MORRIS DRIVE,NOT AVAILABLE,CHESTERBROOK,PA,19087,DELAWARE,18500,146850,40.0692,-75.46781,HTTPS://WWW.AMERISOURCEBERGEN.COM/ABCNEW/,1427.9
207,LINCOLN NATIONAL,150 NORTH RADNOR CHESTER ROAD,NOT AVAILABLE,RADNOR,PA,19087,DELAWARE,9057,13330,40.04054,-75.36449,HTTPS://WWW.LFG.COM/PUBLIC/INDIVIDUAL,1192
181,DAVITA HEALTHCARE PARTNERS,2000 16TH STREET,NOT AVAILABLE,DENVER,CO,80202,DENVER,70300,15197,39.75385,-105.00405,HTTPS://WWW.DAVITA.COM/,879.9
20,FANNIE MAE,3900 WISCONSIN AVENUE NW,NOT AVAILABLE,WASHINGTON,DC,20016,DISTRICT OF COLUMBIA,7000,107162,38.94045,-77.07715,HTTP://WWW.FANNIEMAE.COM/PORTAL/INDEX.HTML,12313
144,DANAHER,2200 PENNSYLVANIA AVENUE NW,NOT AVAILABLE,WASHINGTON,DC,20037,DISTRICT OF COLUMBIA,62000,19912,38.90158,-77.04905,HTTP://WWW.DANAHER.COM/,2553.7
197,CONAGRA FOODS,1 CONAGRA DRIVE,NOT AVAILABLE,OMAHA,NE,68102,DOUGLAS,20900,14134,41.2563,-95.92733,HTTP://WWW.CONAGRABRANDS.COM/,-677
2,BERKSHIRE HATHAWAY,3555 FARNAM STREET,1440 KIEWIT PLAZA,OMAHA,NE,68131,DOUGLAS,367700,223604,41.25721,-95.96556,HTTP://WWW.BERKSHIREHATHAWAY.COM/,24074
143,UNION PACIFIC,1400 DOUGLAS STREET,NOT AVAILABLE,OMAHA,NE,68179,DOUGLAS,42919,19941,41.25917,-95.93518,HTTPS://WWW.UP.COM/INDEX.HTM,4233
462,ARTHUR J. GALLAGHER,2 PIERCE PLACE,NOT AVAILABLE,ITASCA,IL,60143,DUPAGE,24790,5595,41.98806,-88.01484,HTTPS://WWW.AJG.COM/,414.4
338,UNIVAR,3075 HIGHLAND PARKWAY,SUITE 200,DOWNERS GROVE,IL,60515,DUPAGE,8700,8074,41.8323,-88.00463,HTTP://WWW.UNIVAR.COM/US,-68.4
392,DOVER,3005 HIGHLAND PARKWAY,NOT AVAILABLE,DOWNERS GROVE,IL,60515,DUPAGE,29000,6794,41.83254,-88.00745,HTTPS://WWW.DOVERCORPORATION.COM/,508.9
112,MCDONALD'S,1 MCDONALD'S PLAZA,NOT AVAILABLE,OAK BROOK,IL,60523,DUPAGE,375000,24622,41.84894,-87.94548,HTTPS://WWW.MCDONALDS.COM/US/EN-US.HTML,4686.5
427,TREEHOUSE FOODS,2021 SPRING ROAD,SUITE 600,OAK BROOK,IL,60523,DUPAGE,16027,6175,41.84962,-87.94812,HTTP://WWW.TREEHOUSEFOODS.COM/,-228.6
337,NAVISTAR INTERNATIONAL,2701 NAVISTAR DRIVE,NOT AVAILABLE,LISLE,IL,60532,DUPAGE,11300,8111,41.81126,-88.10736,HTTP://WWW.NAVISTAR.COM/NAVISTAR/,-97
390,QUINTILES TRANSNATIONAL HOLDINGS,4820 EMPEROR BOULEVARD,NOT AVAILABLE,DURHAM,NC,27703,DURHAM,50000,6878,35.88038,-78.84023,HTTPS://WWW.IQVIA.COM/,115
257,CSX,500 WATER STREET,15TH FLOOR,JACKSONVILLE,FL,32202,DUVAL,26628,11069,30.32474,-81.66411,HTTPS://WWW.CSX.COM/,1714
293,FIDELITY NATIONAL FINANCIAL,601 RIVERSIDE AVENUE,NOT AVAILABLE,JACKSONVILLE,FL,32204,DUVAL,55219,9554,30.31897,-81.67456,HTTP://WWW.FNF.COM/,650
301,FIDELITY NATIONAL INFORMATION SERVICES,601 RIVERSIDE AVENUE,NOT AVAILABLE,JACKSONVILLE,FL,32204,DUVAL,55000,9241,30.31897,-81.67456,HTTPS://WWW.FISGLOBAL.COM/,568
398,AUTO-OWNERS INSURANCE,6101 ANACAPRI BOULEVARD,NOT AVAILABLE,LANSING,MI,48917,EATON,4737,6775,42.72472,-84.64068,HTTPS://WWW.AUTO-OWNERS.COM/,706.3
349,WESTERN REFINING,123 WEST MILLS AVENUE,SUITE 200,EL PASO,TX,79901,EL PASO,7134,7743,31.75895,-106.48934,HTTP://WWW.ANDEAVOR.COM/,124.9
455,M&T BANK CORP.,1 M&T PLAZA,NOT AVAILABLE,BUFFALO,NY,14203,ERIE,16487,5722,42.88876,-78.87331,HTTPS://WWW.MTB.COM/HOME-PAGE,1315.1
382,ERIE INSURANCE GROUP,100 ERIE INSURANCE PLACE,NOT AVAILABLE,ERIE,PA,16530,ERIE,4988,7016,42.13031,-80.084,HTTPS://WWW.ERIEINSURANCE.COM/,741.9
240,ADP,1 ADP BOULEVARD,NOT AVAILABLE,ROSELAND,NJ,7068,ESSEX,57000,11668,40.81623,-74.30939,HTTPS://WWW.ADP.COM/,1492.5
48,PRUDENTIAL FINANCIAL,751 BROAD STREET,NOT AVAILABLE,NEWARK,NJ,7102,ESSEX,49739,58779,40.73666,-74.17158,HTTPS://WWW.PRUDENTIAL.COM/,4368
308,PUBLIC SERVICE ENTERPRISE GROUP,80 PARK PLAZA,NOT AVAILABLE,NEWARK,NJ,7102,ESSEX,13065,9061,40.7379,-74.16963,HTTPS://WWW.PSEG.COM/,887
446,NVR,11700 PLAZA AMERICAN DRIVE,SUITE 500,RESTON,VA,20190,FAIRFAX,4900,5835,38.95224,-77.34999,HTTP://WWW.NVRINC.COM/,425.3
381,LEIDOS HOLDINGS,11951 FREEDOM DRIVE,NOT AVAILABLE,RESTON,VA,20190,FAIRFAX,32000,7043,38.95909,-77.35907,HTTPS://WWW.LEIDOS.COM/,244
379,COMPUTER SCIENCES CORPORATION,1775 TYSONS BOULEVARD,NOT AVAILABLE,MCLEAN,VA,22102,FAIRFAX,59000,7106,38.923544,-77.220295,HTTP://WWW.DXC.TECHNOLOGY/,251
90,GENERAL DYNAMICS,2941 FAIRVIEW PARK DRIVE,NOT AVAILABLE,FALLS CHURCH,VA,22042,FAIRFAX,98800,31353,38.86895,-77.21468,HTTPS://WWW.GD.COM/,2955
114,NORTHROP GRUMMAN,2980 FAIRVIEW PARK DRIVE,NOT AVAILABLE,FALLS CHURCH,VA,22042,FAIRFAX,67000,24508,38.86758,-77.21551,HTTP://WWW.NORTHROPGRUMMAN.COM/PAGES/DEFAULT.ASPX,2200
443,ADOBE SYSTEMS,7930 JONES BRANCH DRIVE,SUITE 510,MCLEAN,VA,22102,FAIRFAX,15706,5854,38.92871,-77.21557,HTTPS://WWW.ADOBE.COM/,1168.8
481,BOOZ ALLEN HAMILTON HOLDING,8283 GREENSBORO DRIVE,NOT AVAILABLE,MCLEAN,VA,22102,FAIRFAX,22600,5406,38.92229,-77.23179,HTTPS://WWW.BOOZALLEN.COM/,294.1
100,CAPITAL ONE FINANCIAL,1680 CAPITAL ONE DRIVE,NOT AVAILABLE,MCLEAN,VA,22102,FAIRFAX,47300,27519,38.92432,-77.21334,HTTPS://WWW.CAPITALONE.COM/,3751
39,FREDDIE MAC,8200 JONES BRANCH DRIVE,NOT AVAILABLE,MCLEAN,VA,22102,FAIRFAX,5982,65665,38.93286,-77.22706,HTTP://WWW.FREDDIEMAC.COM/,7815
241,HILTON WORLDWIDE HOLDINGS,7930 JONES BRANCH DRIVE,NOT AVAILABLE,MCLEAN,VA,22102,FAIRFAX,169000,11663,38.92871,-77.21557,HTTPS://WWW.HILTON.COM/EN/CORPORATE/,348
275,PRAXAIR,39 OLD RIDGEBURY ROAD,NOT AVAILABLE,DANBURY,CT,6810,FAIRFIELD,26498,10534,41.38683,-73.53267,HTTP://WWW.PRAXAIR.COM/,1500
13,GENERAL ELECTRIC,3135 EASTON TURNPIKE,NOT AVAILABLE,FAIRFIELD,CT,6828,FAIRFIELD,295000,126661,41.21922,-73.25309,HTTPS://WWW.GE.COM/,8831
354,W.R. BERKLEY,475 STEAMBOAT ROAD,NOT AVAILABLE,GREENWICH,CT,6830,FAIRFIELD,7608,7654,41.01869,-73.62254,HTTPS://WWW.WRBERKLEY.COM/,601.9
191,XPO LOGISTICS,5 GREENWICH OFFICE PARK,NOT AVAILABLE,GREENWICH,CT,6831,FAIRFIELD,87000,14619,41.01936,-73.64796,HTTPS://WWW.XPO.COM/,69
162,XEROX,45 GLOVER AVENUE,NOT AVAILABLE,NORWALK,CT,6850,FAIRFIELD,133600,17126,41.14499,-73.42985,HTTPS://WWW.XEROX.COM/,-477
360,EMCOR GROUP,301 MERRITT SEVEN,NOT AVAILABLE,NORWALK,CT,6851,FAIRFIELD,31000,7552,41.14935,-73.42656,HTTPS://EMCORGROUP.COM/,181.9
313,FRONTIER COMMUNICATIONS,401 MERRITT 7,NOT AVAILABLE,NORWALK,CT,6851,FAIRFIELD,28332,8896,41.14844,-73.42684,HTTPS://FRONTIER.COM/,-373
268,PRICELINE GROUP,800 CONNECTICUT AVENUE,3W01,NORWALK,CT,6854,FAIRFIELD,18500,10743,41.09313,-73.45417,HTTPS://WWW.BOOKINGHOLDINGS.COM/,2135
445,TEREX,200 NYALA FARM ROAD,NOT AVAILABLE,WESTPORT,CT,6880,FAIRFIELD,18100,5841,41.12544,-73.33089,HTTPS://WWW.TEREX.COM/,-176.1
96,CHARTER COMMUNICATIONS,400 ATLANTIC STREET,SUITE 1500,STAMFORD,CT,6901,FAIRFIELD,91500,29003,41.04985,-73.5389,HTTP://IR.CHARTER.COM/PHOENIX.ZHTML?C=112298&P=IROL-IRHOME,3522
386,HARMAN INTERNATIONAL INDUSTRIES,400 ATLANTIC STREET,NOT AVAILABLE,STAMFORD,CT,6901,FAIRFIELD,26000,6912,41.04985,-73.5389,HTTPS://WWW.HARMAN.COM/,361.7
185,SYNCHRONY FINANCIAL,777 LONG RIDGE ROAD,NOT AVAILABLE,STAMFORD,CT,6902,FAIRFIELD,15000,15122,41.09674,-73.56197,HTTPS://WWW.SYNCHRONY.COM/,2251
452,UNITED RENTALS,100 FIRST STAMFORD PLACE,SUITE 700,STAMFORD,CT,6902,FAIRFIELD,12500,5762,41.04426,-73.54979,HTTPS://WWW.UNITEDRENTALS.COM/,566
245,BB&T CORP.,200 WEST 2ND STREET,NOT AVAILABLE,WINSTON-SALEM,NC,27101,FORSYTH,37500,11538,36.09576,-80.24518,HTTPS://WWW.BBT.COM/,2426
223,REYNOLDS AMERICAN,401 NORTH MAIN STREET,NOT AVAILABLE,WINSTON-SALEM,NC,27101,FORSYTH,5525,12503,36.09949,-80.24373,HTTP://WWW.REYNOLDSAMERICAN.COM/HOME/DEFAULT.ASPX,6073
432,HANESBRANDS,1000 EAST HANES MILL ROAD,NOT AVAILABLE,WINSTON-SALEM,NC,27105,FORSYTH,67800,6063,36.18974,-80.26355,HTTPS://WWW.HANES.COM/CORPORATE,539.4
495,BIG LOTS,300 PHILLIPI ROAD,NOT AVAILABLE,COLUMBUS,OH,43228,FRANKLIN,23150,5200,39.95917,-83.10936,HTTP://WWW.BIGLOTS.COM/,152.8
15,CARDINAL HEALTH,7000 CARDINAL PLACE,NOT AVAILABLE,DUBLIN,OH,43017,FRANKLIN,37300,121546,40.10899,-83.12077,HTTPS://WWW.CARDINALHEALTH.COM/EN.HTML,1427
167,AMERICAN ELECTRIC POWER,1 RIVERSIDE PLAZA,NOT AVAILABLE,COLUMBUS,OH,43215,FRANKLIN,17634,16380,39.96514,-83.00596,HTTPS://WWW.AEP.COM/,610.9
68,NATIONWIDE,1 NATIONWIDE BOULEVARD,NOT AVAILABLE,COLUMBUS,OH,43215,FRANKLIN,34320,40074,39.96857,-83.00345,HTTPS://WWW.NATIONWIDE.COM/,334.3
220,L BRANDS,3 LIMITED PARKWAY,NOT AVAILABLE,COLUMBUS,OH,43230,FRANKLIN,59100,12574,40.05448,-82.89613,HTTPS://WWW.LB.COM/,1158.1
331,VERITIV,1000 ABERNATHY ROAD,SUITE 1700,ATLANTA,GA,30328,FULTON,8700,8327,33.93467,-84.3547,HTTPS://WWW.VERITIVCORP.COM/,21
410,ASBURY AUTOMOTIVE GROUP,2905 PREMIERE PARKWAY NW,NOT AVAILABLE,DULUTH,GA,30097,FULTON,7900,6528,34.00499,-84.09278,HTTPS://WWW.ASBURYAUTO.COM/,167.2
145,SOUTHERN,30 IVAN ALLEN JR. BOULEVARD NW,NOT AVAILABLE,ATLANTA,GA,30308,FULTON,32015,19896,33.76434,-84.38826,HTTPS://WWW.SOUTHERNCOMPANY.COM,2448
303,SUNTRUST BANKS,303 PEACHTREE STREET NE,NOT AVAILABLE,ATLANTA,GA,30308,FULTON,24375,9161,33.76286,-84.38652,HTTPS://WWW.SUNTRUST.COM/,1878
64,COCA-COLA,1 COCA-COLA PLAZA,NOT AVAILABLE,ATLANTA,GA,30313,FULTON,100300,41863,33.77128,-84.39629,HTTP://WWW.COCA-COLA.COM/GLOBAL/,6527
437,INTERCONTINENTAL EXCHANGE,5660 NEW NORTHSIDE DRIVE NW,FLOOR 3,ATLANTA,GA,30328,FULTON,5631,5958,33.90902,-84.43108,HTTPS://WWW.INTERCONTINENTALEXCHANGE.COM/INDEX,1422
208,NEWELL BRANDS,221 RIVER STREET,NOT AVAILABLE,HOBOKEN,NJ,7030,HUDSON,53400,13264,40.738661,-74.027717,HTTPS://WWW.NEWELLBRANDS.COM/,527.8
46,UPS,55 GLENLAKE PARKWAY NE,NOT AVAILABLE,ATLANTA,GA,30328,FULTON,335520,60906,33.94199,-84.36142,HTTPS://WWW.UPS.COM/US/EN/GLOBAL.PAGE,3431
242,FIRST DATA,5565 GLENRIDGE CONNECTOR NE,NOT AVAILABLE,ATLANTA,GA,30342,FULTON,24000,11584,33.90543,-84.36033,HTTPS://WWW.FIRSTDATA.COM/EN_US/HOME.HTML,420
71,DELTA AIR LINES,1030 DELTA BOULEVARD,NOT AVAILABLE,ATLANTA,GA,30354,FULTON,83756,39639,33.6564,-84.42315,HTTPS://WWW.DELTA.COM,4373
174,CARMAX,12800 TUCKAHOE CREEK PARKWAY,NOT AVAILABLE,RICHMOND,VA,23238,GOOCHLAND,22429,15833,37.63877,-77.67067,HTTPS://WWW.CARMAX.COM/,623.4
311,MOHAWK INDUSTRIES,160 SOUTH INDUSTRIAL BOULEVARD,NOT AVAILABLE,CALHOUN,GA,30701,GORDON,37800,8959,34.47421,-84.93784,HTTPS://MOHAWKIND.COM/,930.4
323,O'REILLY AUTOMOTIVE,233 SOUTH PATTERSON AVENUE,NOT AVAILABLE,SPRINGFIELD,MO,65802,GREENE,58397,8593,37.20792,-93.24937,HTTPS://MOHAWKIND.COM/,1037.7
230,VF,105 CORPORATE CENTER BOULEVARD,NOT AVAILABLE,GREENSBORO,NC,27408,GUILFORD,69000,12207,36.12171,-79.79907,HTTPS://WWW.VFC.COM/,1074.1
190,WESTROCK,504 THRASHER STREET,NOT AVAILABLE,NORCROSS,GA,30071,GWINNETT,39000,14706,33.93671,-84.22019,HTTPS://WWW.WESTROCK.COM/EN,-396.3
370,AGCO,4205 RIVER GREEN PARKWAY,NOT AVAILABLE,DULUTH,GA,30096,GWINNETT,19795,7411,34.01785,-84.16473,HTTP://WWW.AGCOCORP.COM/,160.1
409,NCR,864 SPRING STREET NW,NOT AVAILABLE,ATLANTA,GA,30308,FULTON,33500,6543,33.779256,-84.389521,HTTPS://WWW.NCR.COM/,270
258,UNUM GROUP,1 FOUNTAIN SQUARE,NOT AVAILABLE,CHATTANOOGA,TN,37402,HAMILTON,9400,11047,35.04977,-85.30727,HTTPS://WWW.UNUM.COM/,931.4
411,AMERICAN FINANCIAL GROUP,301 EAST 4TH STREET,NOT AVAILABLE,CINCINNATI,OH,45202,HAMILTON,7600,6498,39.10012,-84.50718,HTTPS://WWW.AFGINC.COM/INDEX,649
18,KROGER,1014 VINE STREET,NOT AVAILABLE,CINCINNATI,OH,45202,HAMILTON,443000,115337,39.10673,-84.51422,HTTPS://WWW.KROGER.COM/,1975
110,MACY'S,7 WEST 7TH STREET,NOT AVAILABLE,CINCINNATI,OH,45202,HAMILTON,148300,25778,39.10325,-84.51413,HTTPS://WWW.MACYS.COM/,619
483,WESTERN & SOUTHERN FINANCIAL GROUP,400 BROADWAY,NOT AVAILABLE,CINCINNATI,OH,45202,HAMILTON,2178,5398,39.10113,-84.50607,HTTPS://WWW.WESTERNSOUTHERN.COM/,241.2
389,FIFTH THIRD BANCORP,38 FOUNTAIN SQUARE PLAZA,NOT AVAILABLE,CINCINNATI,OH,45263,HAMILTON,17844,6889,39.10115,-84.51246,HTTPS://WWW.53.COM/CONTENT/FIFTH-THIRD/EN.HTML,1564
358,EVERSOURCE ENERGY,300 CADWELL DRIVE,NOT AVAILABLE,SPRINGFIELD,MA,1104,HAMPDEN,7762,7639,42.151263,-72.547416,HTTPS://WWW.EVERSOURCE.COM/CONTENT,942.3
77,MASSACHUSETTS MUTUAL LIFE INSURANCE,1295 STATE STREET,NOT AVAILABLE,SPRINGFIELD,MA,1111,HAMPDEN,11737,37788,42.11747,-72.5481,HTTPS://WWW.MASSMUTUAL.COM/,1273.5
51,MARATHON PETROLEUM,539 SOUTH MAIN STREET,NOT AVAILABLE,FINDLAY,OH,45840,HANCOCK,44460,55858,41.03602,-83.64974,HTTP://WWW.MARATHONPETROLEUM.COM/,1174
288,OWENS & MINOR,9120 LOCKWOOD BOULEVARD,NOT AVAILABLE,MECHANICSVILLE,VA,23116,HANOVER,7900,9723,37.64496,-77.40796,HTTPS://WWW.OWENS-MINOR.COM/,108.8
400,CALPINE,717 TEXAS AVENUE,NOT AVAILABLE,HOUSTON,TX,77002,HARRIS,2372,6716,29.7614,-95.36438,HTTP://WWW.CALPINE.COM/,92
362,CENTERPOINT ENERGY,1111 LOUISIANA STREET,NOT AVAILABLE,HOUSTON,TX,77002,HARRIS,7727,7528,29.75714,-95.368,HTTPS://WWW.CENTERPOINTENERGY.COM/EN-US/,432
122,ENTERPRISE PRODUCTS PARTNERS,1100 LOUISIANA STREET,NOT AVAILABLE,HOUSTON,TX,77002,HARRIS,6800,23022,29.75765,-95.36883,HTTPS://WWW.ENTERPRISEPRODUCTS.COM/,2513.1
356,EOG RESOURCES,1111 BABGY STREET,LOBBY 2,HOUSTON,TX,77002,HARRIS,2650,7651,29.75867,-95.37054,HTTP://WWW.EOGRESOURCES.COM/,-1096.7
215,KINDER MORGAN,1001 LOUISIANA STREET,NOT AVAILABLE,HOUSTON,TX,77002,HARRIS,11121,13058,29.75788,-95.36738,HTTPS://WWW.KINDERMORGAN.COM/,708
302,PACIFIC LIFE,700 NEWPORT CENTER DRIVE,NOT AVAILABLE,NEWPORT BEACH,CA,92660,ORANGE,3628,9169,33.619382,-117.87727,HTTPS://WWW.PACIFICLIFE.COM/,824
141,PLAINS GP HOLDINGS,333 CLAY STREET,SUITE 1600,HOUSTON,TX,77002,HARRIS,5100,20182,29.75729,-95.37175,HTTP://IR.PAGP.COM/,94
402,TARGA RESOURCES,1000 LOUISIANA STREET,SUITE 4300,HOUSTON,TX,77002,HARRIS,1970,6691,29.75849,-95.3684,HTTP://WWW.TARGARESOURCES.COM/,-187.3
201,WASTE MANAGEMENT,1001 FANNIN STREET,NOT AVAILABLE,HOUSTON,TX,77002,HARRIS,41200,13609,29.75579,-95.36391,HTTPS://WWW.WM.COM/US,1182
285,BAKER HUGHES,2929 ALLEN PARKWAY,NOT AVAILABLE,HOUSTON,TX,77019,HARRIS,33000,9841,29.76129,-95.3959,HTTPS://WWW.BAKERHUGHES.COM/,-2738
261,GROUP 1 AUTOMOTIVE,800 GESSNER ROAD,NOT AVAILABLE,HOUSTON,TX,77024,HARRIS,13500,10888,29.77744,-95.54393,HTTPS://WWW.GROUP1AUTO.COM/,147.1
173,HALLIBURTON,3000 NORTH SAM HOUSTON PARKWAY EAST,NOT AVAILABLE,HOUSTON,TX,77032,HARRIS,50000,15887,29.9364,-95.34107,HTTP://WWW.HALLIBURTON.COM/EN-US/DEFAULT.PAGE,-5763
375,NATIONAL OILWELL VARCO,7909 PARKWOOD CIRCLE DRIVE,NOT AVAILABLE,HOUSTON,TX,77036,HARRIS,36384,7251,29.69082,-95.5543,HTTPS://WWW.NOV.COM/,-2412
34,PHILLIPS 66,2331 CITYWEST BOULEVARD,NOT AVAILABLE,HOUSTON,TX,77042,HARRIS,14800,72396,29.740913,-95.560908,HTTP://WWW.PHILLIPS66.COM/,1555
488,APACHE,2000 POST OAK BOULEVARD,NOT AVAILABLE,HOUSTON,TX,77056,HARRIS,3727,5354,29.74464,-95.46266,HTTP://WWW.APACHECORP.COM/,-1405
355,QUANTA SERVICES,2800 POST OAK BOULEVARD,SUITE 2600,HOUSTON,TX,77056,HARRIS,28100,7651,29.73599,-95.46125,HTTP://WWW.QUANTASERVICES.COM/,198.4
57,SYSCO,1390 ENCLAVE PARKWAY,NOT AVAILABLE,HOUSTON,TX,77077,HARRIS,51900,50367,29.75826,-95.62004,HTTPS://WWW.SYSCO.COM/,949.6
115,CONOCOPHILLIPS,600 NORTH DAIRY ASHFORD STREET,NOT AVAILABLE,HOUSTON,TX,77079,HARRIS,13300,24360,29.78758,-95.61758,HTTP://WWW.CONOCOPHILLIPS.COM/,-3615
70,CIGNA,900 COTTAGE GROVE ROAD,NOT AVAILABLE,BLOOMFIELD,CT,6002,HARTFORD,41000,39668,41.81703,-72.73874,HTTPS://WWW.CIGNA.COM/,1867
250,STANLEY BLACK & DECKER,1000 STANLEY DRIVE,NOT AVAILABLE,NEW BRITAIN,CT,6053,HARTFORD,54023,11407,41.69301,-72.80698,HTTP://WWW.STANLEYBLACKANDDECKER.COM/,965.3
50,UNITED TECHNOLOGIES,10 FARM SPRINGS ROAD,NOT AVAILABLE,FARMINGTON,CT,6032,HARTFORD,201600,57244,41.708447,-72.803224,HTTP://WWW.UTC.COM/PAGES/HOME.ASPX,5055
153,HARTFORD FINANCIAL SERVICES GROUP,1 HARTFORD PLAZA,NOT AVAILABLE,HARTFORD,CT,6155,HARTFORD,16900,18300,41.77241,-72.68879,HTTPS://WWW.THEHARTFORD.COM/BUSINESS-INSURANCE/FINANCIAL-SERVICES,896
43,AETNA,151 FARMINGTON AVENUE,NOT AVAILABLE,HARTFORD,CT,6156,HARTFORD,49500,63155,41.76776,-72.69221,HTTPS://WWW.AETNA.COM/,2271
6,UNITEDHEALTH GROUP,9900 BREN ROAD EAST,NOT AVAILABLE,MINNETONKA,MN,55343,HENNEPIN,230000,184840,44.89756,-93.40318,HTTP://WWW.UNITEDHEALTHGROUP.COM/,7017
158,SUPERVALU,7075 FLYING CLOUD DRIVE,NOT AVAILABLE,EDEN PRAIRIE,MN,55344,HENNEPIN,38000,17529,44.875,-93.41186,HTTPS://WWW.SUPERVALU.COM/,178
212,C.H. ROBINSON WORLDWIDE,14701 CHARLSON ROAD,NOT AVAILABLE,EDEN PRAIRIE,MN,55347,HENNEPIN,14125,13144,44.82112,-93.46055,HTTPS://WWW.CHROBINSON.COM/EN-US/,513.4
256,XCEL ENERGY,414 NICOLLET MALL,NOT AVAILABLE,MINNEAPOLIS,MN,55401,HENNEPIN,11476,11107,44.97975,-93.27008,HTTPS://WWW.XCELENERGY.COM/STATESELECTOR?STATESELECTED=TRUE&GOTO=%2F,1123.4
125,U.S. BANCORP,800 NICOLLET MALL,SUITE 1500,MINNEAPOLIS,MN,55402,HENNEPIN,71191,22744,44.97559,-93.27387,HTTPS://WWW.USBANK.COM/INDEX.HTML,5888
38,TARGET,1000 NICOLLET MALL,NOT AVAILABLE,MINNEAPOLIS,MN,55403,HENNEPIN,323000,69495,44.97396,-93.27563,HTTPS://WWW.TARGET.COM/,2737
316,THRIVENT FINANCIAL FOR LUTHERANS,625 4TH AVENUE SOUTH,NOT AVAILABLE,MINNEAPOLIS,MN,55415,HENNEPIN,3282,8777,44.97476,-93.26568,HTTPS://WWW.THRIVENT.COM/,587.8
72,BEST BUY,7601 PENN AVENUE SOUTH,NOT AVAILABLE,RICHFIELD,MN,55423,HENNEPIN,125000,39403,44.86392,-93.30542,HTTPS://WWW.BESTBUY.COM/,1228
165,GENERAL MILLS,1 GENERAL MILLS BOULEVARD,NOT AVAILABLE,MINNEAPOLIS,MN,55426,HENNEPIN,39000,16563,44.977,-93.39559,HTTPS://WWW.GENERALMILLS.COM/,1697.4
377,MOSAIC,3033 CAMPUS DRIVE,SUITE E490,PLYMOUTH,MN,55441,HENNEPIN,8700,7163,45.01507,-93.45487,HTTP://WWW.MOSAICCO.COM/,297.8
460,MARKEL,4521 HIGHWOODS PARKWAY,NOT AVAILABLE,GLEN ALLEN,VA,23060,HENRICO,10900,5612,37.66219,-77.57726,HTTP://WWW.MARKELCORP.COM/,455.7
171,PERFORMANCE FOOD GROUP,12500 WEST CREEK PARKWAY,NOT AVAILABLE,RICHMOND,VA,23238,HENRICO,13000,16105,37.60589,-77.64471,HTTP://WWW.PFGC.COM/,68.3
148,ALTRIA GROUP,6601 WEST BROAD STREET,NOT AVAILABLE,RICHMOND,VA,23230,HENRICO,8300,19337,37.60024,-77.51729,HTTP://WWW.ALTRIA.COM/PAGES/DEFAULT.ASPX,14239
329,GENWORTH FINANCIAL,6620 WEST BROAD STREET,NOT AVAILABLE,RICHMOND,VA,23230,HENRICO,3400,8369,37.60245,-77.51499,HTTPS://WWW.GENWORTH.COM/,-277
195,WELLCARE HEALTH PLANS,8725 HENDERSON ROAD,NOT AVAILABLE,TAMPA,FL,33634,HILLSBOROUGH,7400,14237,28.03336,-82.54968,HTTPS://WWW.WELLCARE.COM/EN/DISTRICT-OF-COLUMBIA,242.1
69,MERCK,2000 GALLOPING HILL ROAD,NOT AVAILABLE,KENILWORTH,NJ,7033,UNION,68000,39807,40.677334,-74.272687,HTTP://WWW.MERCK.COM/INDEX.HTML,3920
40,LOWE'S,1000 LOWE'S BOULEVARD,NOT AVAILABLE,MOORESVILLE,NC,28117,IREDELL,240000,65017,35.54119,-80.85421,HTTPS://WWW.LOWES.COM/,3093
419,CMS ENERGY,1 ENERGY PLAZA,NOT AVAILABLE,JACKSON,MI,49201,JACKSON,7750,6399,42.2466,-84.40253,HTTPS://WWW.CMSENERGY.COM/HOME/DEFAULT.ASPX,551
318,LITHIA MOTORS,150 NORTH BARTLETT STREET,NOT AVAILABLE,MEDFORD,OR,97501,JACKSON,11170,8678,42.32845,-122.87228,HTTPS://WWW.LITHIAMOTORS.COM/,197.1
436,REGIONS FINANCIAL,1900 5TH AVENUE NORTH,NOT AVAILABLE,BIRMINGHAM,AL,35203,JEFFERSON,22166,5967,33.51806,-86.80907,HTTP://IR.REGIONS.COM/,1163
53,HUMANA,500 WEST MAIN STREET,NOT AVAILABLE,LOUISVILLE,KY,40202,JEFFERSON,51600,54379,38.25647,-85.75889,HTTPS://WWW.HUMANA.COM/,614
376,KINDRED HEALTHCARE,680 SOUTH 4TH STREET,NOT AVAILABLE,LOUISVILLE,KY,40202,JEFFERSON,76650,7227,38.2466,-85.75849,HTTPS://WWW.KINDREDHEALTHCARE.COM/,-664.2
422,YUM BRANDS,1441 GARDINER LANE,NOT AVAILABLE,LOUISVILLE,KY,40213,JEFFERSON,90000,6366,38.19863,-85.6949,HTTP://WWW.YUM.COM/,1619
486,SEABOARD,9000 WEST 67TH STREET,NOT AVAILABLE,SHAWNEE MISSION,KS,66202,JOHNSON,11781,5379,39.00816,-94.69096,HTTPS://WWW.SEABOARDCORP.COM/,312
252,STRYKER,2825 AIRVIEW BOULEVARD,NOT AVAILABLE,KALAMAZOO,MI,49002,KALAMAZOO,33000,11325,42.24191,-85.55651,HTTPS://WWW.STRYKER.COM/US/EN/INDEX.HTML,1647
341,WEYERHAEUSER,220 OCCIDENTAL AVENUE SOUTH,NOT AVAILABLE,SEATTLE,WA,98104,KING,10400,7902,47.600473,-122.332633,HTTPS://WWW.WEYERHAEUSER.COM/,1027
317,EXPEDIA,333 108TH AVENUE NE,NOT AVAILABLE,BELLEVUE,WA,98004,KING,20075,8774,47.6134,-122.19701,HTTPS://WWW.EXPEDIA.COM/,281.8
164,PACCAR,777 106TH AVENUE NE,NOT AVAILABLE,BELLEVUE,WA,98004,KING,23000,17033,47.61655,-122.19966,HTTP://WWW.PACCAR.COM/,521.7
16,COSTCO,999 LAKE DRIVE,NOT AVAILABLE,ISSAQUAH,WA,98027,KING,172000,118719,47.54779,-122.05035,HTTPS://WWW.COSTCO.COM/,2350
28,MICROSOFT,1 MICROSOFT WAY,NOT AVAILABLE,REDMOND,WA,98052,KING,114000,85320,47.64005,-122.1298,HTTPS://WWW.MICROSOFT.COM/EN-US/,16798
188,NORDSTROM,1617 6TH AVENUE,NOT AVAILABLE,SEATTLE,WA,98101,KING,72500,14757,47.61242,-122.33591,HTTPS://SHOP.NORDSTROM.COM/,354
429,EXPEDITORS INTERNATIONAL OF WASHINGTON,1015 3RD AVENUE,NOT AVAILABLE,SEATTLE,WA,98104,KING,16000,6098,47.60578,-122.33459,HTTPS://WWW.EXPEDITORS.COM/,430.8
12,AMAZON.COM,410 TERRY AVENUE NORTH,NOT AVAILABLE,SEATTLE,WA,98109,KING,341400,135987,47.62226,-122.33676,HTTPS://WWW.AMAZON.COM/,2371
131,STARBUCKS,2401 UTAH AVENUE SOUTH,NOT AVAILABLE,SEATTLE,WA,98134,KING,254000,21316,47.58181,-122.33534,HTTPS://WWW.STARBUCKS.COM/,2817.7
438,ALASKA AIR GROUP,19300 INTERNATIONAL BOULEVARD,NOT AVAILABLE,SEATTLE,WA,98188,KING,19112,5931,47.42906,-122.29366,HTTPS://WWW.ALASKAAIR.COM/,814
500,ABM INDUSTRIES,551 5TH AVENUE,SUITE 300,NEW YORK,NY,10176,KINGS,110000,5145,40.75559,-73.97913,HTTPS://WWW.ABM.COM/,57.2
352,ZIMMER BIOMET HOLDINGS,345 EAST MAIN STREET,NOT AVAILABLE,WARSAW,IN,46580,KOSCIUSKO,18500,7684,41.23959,-85.85409,HTTPS://WWW.ZIMMERBIOMET.COM/,305.9
295,HORMEL FOODS,1 HORMEL PLACE,NOT AVAILABLE,AUSTIN,MN,55912,LAKE,21100,9523,43.67467,-92.97162,HTTPS://WWW.HORMELFOODS.COM/,890.1
281,BAXTER INTERNATIONAL,1 BAXTER PARKWAY,NOT AVAILABLE,DEERFIELD,IL,60015,LAKE,48000,10163,42.1599,-87.88061,HTTPS://WWW.BAXTER.COM/,4965
277,DISCOVER FINANCIAL SERVICES,2500 LAKE COOK ROAD,NOT AVAILABLE,RIVERWOODS,IL,60015,LAKE,15549,10497,42.15495,-87.88834,HTTPS://WWW.DISCOVER.COM/,2393
487,ESSENDANT,1 PARKWAY NORTH BOULEVARD,SUITE 100,DEERFIELD,IL,60015,LAKE,6600,5369,42.16412,-87.87666,HTTPS://WWW.ESSENDANT.COM/,63.9
109,MONDELEZ INTERNATIONAL,3 PARKWAY NORTH,SUITE 300,DEERFIELD,IL,60015,LAKE,90000,25923,42.16287,-87.87935,HTTPS://WWW.MONDELEZINTERNATIONAL.COM/,1659
17,WALGREENS BOOTS ALLIANCE,108 WILMOT ROAD,NOT AVAILABLE,DEERFIELD,IL,60015,LAKE,300000,117351,42.1552,-87.86746,HTTP://WWW.WALGREENSBOOTSALLIANCE.COM/,4173
450,PACKAGING CORP. OF AMERICA,1955 WEST FIELD COURT,NOT AVAILABLE,LAKE FOREST,IL,60045,LAKE,14000,5779,42.24325,-87.89465,HTTPS://WWW.PACKAGINGCORP.COM/,449.6
322,TENNECO,500 NORTH FIELD DRIVE,NOT AVAILABLE,LAKE FOREST,IL,60045,LAKE,31000,8599,42.24862,-87.89968,HTTP://WWW.TENNECO.COM/,363
282,W.W. GRAINGER,100 GRAINGER PARKWAY,NOT AVAILABLE,LAKE FOREST,IL,60045,LAKE,25000,10137,42.23856,-87.91151,HTTPS://WWW.GRAINGER.COM/,605.9
199,CDW,200 NORTH MILWAUKEE AVENUE,NOT AVAILABLE,VERNON HILLS,IL,60061,LAKE,8516,13982,42.22831,-87.94421,HTTPS://WWW.CDW.COM/,424.4
296,HERTZ GLOBAL HOLDINGS,8501 WILLIAMS ROAD,NOT AVAILABLE,ESTERO,FL,33928,LEE,36000,9480,26.41844,-81.80972,HTTPS://IR.HERTZ.COM/,-491
365,PPL,2 NORTH 9TH STREET,NOT AVAILABLE,ALLENTOWN,PA,18101,LEHIGH,12689,7517,40.60152,-75.47591,HTTPS://WWW.PPLWEB.COM/,1902
294,AIR PRODUCTS & CHEMICALS,7201 HAMILTON BOULEVARD,NOT AVAILABLE,ALLENTOWN,PA,18195,LEHIGH,18450,9524,40.55074,-75.59747,HTTP://WWW.AIRPRODUCTS.COM/,631.1
492,ROCKWELL COLLINS,400 COLLINS ROAD NE,NOT AVAILABLE,CEDAR RAPIDS,IA,52498,LINN,19000,5259,42.03147,-91.64372,HTTPS://WWW.ROCKWELLCOLLINS.COM/,728
135,ABBOTT LABORATORIES,100 ABBOTT PARK ROAD,NOT AVAILABLE,SANTA MONICA,CA,90401,LOS ANGELES,75000,20853,34.00131,-118.48518,HTTP://WWW.ABBOTT.COM/,1400
222,FARMERS INSURANCE EXCHANGE,6303 OWENSMOUTH AVENUE,NOT AVAILABLE,LOS ANGELES,CA,90010,LOS ANGELES,13309,12513,34.185167,-118.602327,HTTPS://WWW.FARMERS.COM/,-147.9
278,OCCIDENTAL PETROLEUM,10889 WILSHIRE BOULEVARD,NOT AVAILABLE,LOS ANGELES,CA,90024,LOS ANGELES,11000,10398,34.05937,-118.44365,HTTP://WWW.OXY.COM/PAGES/DEFAULT.ASPX,-574
161,AECOM,1999 AVENUE OF THE STARS,SUITE 2600,LOS ANGELES,CA,90067,LOS ANGELES,87000,17411,34.058754,-118.416831,HTTPS://WWW.AECOM.COM/,96.1
214,CBRE GROUP,400 SOUTH HOPE STREET,SUITE 25,LOS ANGELES,CA,90071,LOS ANGELES,75000,13072,34.05154,-118.25348,HTTPS://WWW.CBRE.US/,572
320,RELIANCE STEEL & ALUMINUM,350 SOUTH GRAND AVENUE,SUITE 5100,LOS ANGELES,CA,90071,LOS ANGELES,14500,8613,34.05166,-118.25138,HTTPS://WWW.RSAC.COM/,304.3
330,LIVE NATION ENTERTAINMENT,9348 CIVIC CENTER DRIVE,NOT AVAILABLE,BEVERLY HILLS,CA,90210,LOS ANGELES,11500,8355,34.07423,-118.39846,HTTP://WWW.LIVENATIONENTERTAINMENT.COM/,2.9
474,MATTEL,333 CONTINENTAL BOULEVARD,NOT AVAILABLE,EL SEGUNDO,CA,90245,LOS ANGELES,32000,5457,33.9203,-118.39185,HTTPS://WWW.MATTEL.COM/EN-US,318
406,ACTIVISION BLIZZARD,3100 OCEAN PARK BOULEVARD,NOT AVAILABLE,SANTA MONICA,CA,90405,LOS ANGELES,9500,6608,34.01978,-118.45255,HTTPS://WWW.ACTIVISIONBLIZZARD.COM/,966
156,MOLINA HEALTHCARE,200 OCEANGATE,NOT AVAILABLE,LONG BEACH,CA,90802,LOS ANGELES,21000,17782,33.7666,-118.20027,HTTP://WWW.MOLINAHEALTHCARE.COM/EN-US/PAGES/HOME.ASPX,52
259,JACOBS ENGINEERING GROUP,1999 BRYAN STREET,SUITE 1200,DALLAS,TX,75201,DALLAS COUNTY,49350,10964,32.784595,-96.797508,HTTP://WWW.JACOBS.COM/,210.5
430,AVERY DENNISON,207 GOODE AVENUE,NOT AVAILABLE,GLENDALE,CA,91203,LOS ANGELES,25000,6087,34.15706,-118.25654,HTTPS://WWW.AVERYDENNISON.COM/EN/HOME.HTML,320.7
52,DISNEY,500 SOUTH BUENA VISTA STREET,NOT AVAILABLE,BURBANK,CA,91521,LOS ANGELES,195000,55632,34.15687,-118.32503,HTTPS://WWW.DISNEY.COM/,9391
235,EDISON INTERNATIONAL,2244 WALNUT GROVE AVENUE,NOT AVAILABLE,ROSEMEAD,CA,91770,LOS ANGELES,12390,11869,34.05394,-118.08024,HTTPS://WWW.EDISON.COM/,1311
447,DANA HOLDING,3939 TECHNOLOGY DRIVE,NOT AVAILABLE,MAUMEE,OH,43537,LUCAS,24900,5826,41.5677,-83.69383,HTTP://WWW.DANA.COM/,640
458,OWENS CORNING,1 OWENS CORNING PARKWAY,NOT AVAILABLE,TOLEDO,OH,43659,LUCAS,16000,5677,41.64625,-83.53444,HTTPS://WWW.OWENSCORNING.COM/,393
45,ARCHER DANIELS MIDLAND,4666 FARIES PARKWAY,NOT AVAILABLE,DECATUR,IL,62526,MACON,31800,62346,39.86725,-88.88608,HTTPS://WWW.ADM.COM/,1279
175,FREEPORT-MCMORAN,333 NORTH CENTRAL AVENUE,NOT AVAILABLE,PHOENIX,AZ,85004,MARICOPA,30000,15789,33.45174,-112.07317,HTTPS://WWW.FCX.COM/,-4154
108,AVNET,2211 SOUTH 47TH STREET,NOT AVAILABLE,PHOENIX,AZ,85034,MARICOPA,17700,26219,33.42748,-111.97988,HTTPS://WWW.AVNET.COM/WPS/PORTAL/US/,506.5
299,REPUBLIC SERVICES,18500 NORTH ALLIED WAY,SUITE 100,PHOENIX,AZ,85054,MARICOPA,33000,9388,33.65417,-111.93085,HTTPS://WWW.REPUBLICSERVICES.COM/,612.6
473,INSIGHT ENTERPRISES,6820 SOUTH HARL AVENUE,NOT AVAILABLE,TEMPE,AZ,85283,MARICOPA,5930,5486,33.35718,-111.96819,HTTPS://WWW.INSIGHT.COM/EN_US/HOME.HTML,84.7
477,SIMON PROPERTY GROUP,225 WEST WASHINGTON STREET,NOT AVAILABLE,INDIANAPOLIS,IN,46204,MARION,4050,5435,39.76681,-86.1623,HTTP://WWW.SIMON.COM/,1838.9
29,ANTHEM,120 MONUMENT CIRCLE,NOT AVAILABLE,INDIANAPOLIS,IN,46204,MARION,53000,84863,39.76913,-86.15881,HTTPS://WWW.ANTHEM.COM/,2469.8
132,ELI LILLY,893 SOUTH DELAWARE STREET,NOT AVAILABLE,INDIANAPOLIS,IN,46285,MARION,41975,21222,39.75545,-86.15487,HTTPS://WWW.LILLY.COM/,2737.6
33,STATE FARM INSURANCE COS.,1 STATE FARM PLAZA,NOT AVAILABLE,BLOOMINGTON,IL,61710,MCLEAN,68234,76132,40.47689,-88.95483,HTTPS://WWW.STATEFARM.COM/,350.3
121,DUKE ENERGY,550 SOUTH TRYON STREET,NOT AVAILABLE,CHARLOTTE,NC,28202,MECKLENBURG,28798,23369,35.22391,-80.8481,HTTPS://WWW.DUKE-ENERGY.COM/HOME,2152
169,NUCOR,1915 REXFORD ROAD,NOT AVAILABLE,CHARLOTTE,NC,28211,MECKLENBURG,23900,16208,35.15941,-80.83467,HTTP://WWW.NUCOR.COM/,796.3
287,SONIC AUTOMOTIVE,4401 COLWICK ROAD,NOT AVAILABLE,CHARLOTTE,NC,28211,MECKLENBURG,9800,9732,35.17689,-80.79705,HTTPS://WWW.SONICAUTOMOTIVE.COM/,93.2
26,BANK OF AMERICA CORP.,100 NORTH TRYON STREET,NOT AVAILABLE,CHARLOTTE,NC,28255,MECKLENBURG,208024,93662,35.22704,-80.84207,HTTPS://WWW.BANKOFAMERICA.COM/,17906
229,NRG ENERGY,804 CARNEGIE CENTER,NOT AVAILABLE,PRINCETON,NJ,8540,MERCER,8763,12351,40.319335,-74.655125,HTTPS://WWW.NRG.COM/HOME.HTML,-774
260,LENNAR,700 NW 107TH AVENUE,NOT AVAILABLE,MIAMI,FL,33172,MIAMI-DADE,8335,10950,25.77582,-80.36969,HTTPS://WWW.LENNAR.COM/,911.8
394,RYDER SYSTEM,11690 NW 105TH STREET,NOT AVAILABLE,MIAMI,FL,33178,MIAMI-DADE,34500,6787,25.86816,-80.38533,HTTPS://RYDER.COM/,262.5
103,WORLD FUEL SERVICES,9800 NW 41ST STREET,NOT AVAILABLE,MIAMI,FL,33178,MIAMI-DADE,5000,27016,25.81058,-80.35481,HTTPS://WWW.WFSCORP.COM/EN,126.5
87,TJX,770 COCHITUATE ROAD,NOT AVAILABLE,FRAMINGHAM,MA,1701,MIDDLESEX,235000,33184,42.30874,-71.38258,HTTPS://WWW.TJX.COM/,2298.2
140,STAPLES,500 STAPLES DRIVE,NOT AVAILABLE,FRAMINGHAM,MA,1702,MIDDLESEX,61503,20217,42.29132,-71.4901,HTTPS://WWW.STAPLES.COM/,-1497
327,BOSTON SCIENTIFIC,1 BOSTON SCIENTIFIC PLACE,NOT AVAILABLE,NATICK,MA,1760,MIDDLESEX,27000,8386,42.36118,-71.55768,HTTP://WWW.BOSTONSCIENTIFIC.COM/EN-US/HOME.HTML,347
248,BIOGEN,225 BINNEY STREET,NOT AVAILABLE,CAMBRIDGE,MA,2142,MIDDLESEX,7400,11449,42.36644,-71.08516,HTTPS://WWW.BIOGEN.COM/,3702.8
116,RAYTHEON,870 WINTER STREET,NOT AVAILABLE,WALTHAM,MA,2451,MIDDLESEX,63000,24069,42.40632,-71.27939,HTTPS://WWW.RAYTHEON.COM/,2211
154,THERMO FISHER SCIENTIFIC,168 3RD AVENUE,NOT AVAILABLE,WALTHAM,MA,2451,MIDDLESEX,54800,18274,42.399867,-71.25811,HTTPS://WWW.THERMOFISHER.COM/US/EN/HOME.HTML,2021.8
334,GLOBAL PARTNERS,800 SOUTH STREET,SUITE 500,WALTHAM,MA,2453,MIDDLESEX,1770,8240,42.35475,-71.26202,HTTP://WWW.GLOBALP.COM/,-199.4
62,DOW CHEMICAL,2030 DOW CENTER,NOT AVAILABLE,MIDLAND,MI,48674,MIDLAND,56000,48158,43.43742,-84.01462,HTTPS://WWW.DOW.COM/EN-US,4318
368,WEC ENERGY GROUP,231 WEST MICHIGAN STREET,NOT AVAILABLE,MILWAUKEE,WI,53203,MILWAUKEE,8074,7472,43.03701,-87.91382,HTTPS://WWW.WECENERGYGROUP.COM/,939
97,NORTHWESTERN MUTUAL,720 EAST WISCONSIN AVENUE,NOT AVAILABLE,MILWAUKEE,WI,53202,MILWAUKEE,5646,28799,43.03961,-87.90223,HTTPS://WWW.NORTHWESTERNMUTUAL.COM/,818
442,ROCKWELL AUTOMATION,1201 SOUTH 2ND STREET,NOT AVAILABLE,MILWAUKEE,WI,53204,MILWAUKEE,22000,5880,43.01807,-87.91331,HTTPS://WWW.ROCKWELLAUTOMATION.COM/,729.7
435,HARLEY-DAVIDSON,3700 WEST JUNEAU AVENUE,NOT AVAILABLE,MILWAUKEE,WI,53208,MILWAUKEE,6000,5997,43.04561,-87.96181,HTTPS://WWW.HARLEY-DAVIDSON.COM/US/EN/INDEX.HTML,692.2
146,MANPOWERGROUP,100 MANPOWER PLACE,NOT AVAILABLE,MILWAUKEE,WI,53212,MILWAUKEE,28000,19654,43.0493,-87.91236,HTTPS://WWW.MANPOWERGROUP.COM/,443.7
408,CONSTELLATION BRANDS,370 WOODCLIFF DRIVE,SUITE 300,FAIRPORT,NY,14450,MONROE,9000,6548,43.0398,-77.45625,HTTPS://WWW.CBRANDS.COM/,1054.9
497,TOLL BROTHERS,250 GIBRALTAR ROAD,NOT AVAILABLE,HORSHAM,PA,19044,MONTGOMERY,4200,5170,40.17486,-75.1359,HTTPS://WWW.TOLLBROTHERS.COM/,382.1
457,UGI,460 NORTH GULPH ROAD,NOT AVAILABLE,KING OF PRUSSIA,PA,19406,MONTGOMERY,13105,5686,40.08857,-75.40659,HTTPS://WWW.UGI.COM/,364.7
276,UNIVERSAL HEALTH SERVICES,367 SOUTH GULPH ROAD,NOT AVAILABLE,KING OF PRUSSIA,PA,19406,MONTGOMERY,70863,10508,40.07846,-75.3696,HTTPS://WWW.UHSINC.COM/,702.4
472,HOST HOTELS & RESORTS,6903 ROCKLEDGE DRIVE,SUITE 1500,BETHESDA,MD,20817,MONTGOMERY,220000,5488,39.02808,-77.1391,HTTPS://WWW.HOSTHOTELS.COM/,762
56,LOCKHEED MARTIN,6801 ROCKLEDGE DRIVE,NOT AVAILABLE,BETHESDA,MD,20817,MONTGOMERY,97000,50658,39.031,-77.13895,HTTPS://WWW.LOCKHEEDMARTIN.COM/EN-US/INDEX.HTML,5302
163,MARRIOTT INTERNATIONAL,10400 FERNWOOD ROAD,NOT AVAILABLE,BETHESDA,MD,20817,MONTGOMERY,226500,17072,39.02452,-77.13904,HTTPS://WWW.MARRIOTT.COM/DEFAULT.MI,780
412,DISCOVERY COMMUNICATIONS,1 DISCOVERY PLACE,NOT AVAILABLE,SILVER SPRING,MD,20910,MONTGOMERY,7000,6497,38.99502,-77.02808,HTTPS://CORPORATE.DISCOVERY.COM/,1194
344,ANADARKO PETROLEUM,1201 LAKE ROBBINS DRIVE,NOT AVAILABLE,THE WOODLANDS,TX,77380,MONTGOMERY,4500,7869,30.16059,-95.4541,HTTPS://WWW.ANADARKO.COM/,-3071
319,AVIS BUDGET GROUP,6 SYLVAN WAY,NOT AVAILABLE,PARSIPPANY,NJ,7054,MORRIS,25600,8659,40.84933,-74.44997,HTTP://WWW.AVISBUDGETGROUP.COM/,163
172,PBF ENERGY,1 SYLVAN WAY,SUITE 2,PARSIPPANY,NJ,7054,MORRIS,3165,15920,40.84762,-74.45694,HTTP://WWW.PBFENERGY.COM/,170.8
461,WYNDHAM WORLDWIDE,22 SYLVAN WAY,NOT AVAILABLE,PARSIPPANY,NJ,7054,MORRIS,37800,5599,40.84681,-74.44784,HTTP://WWW.WYNDHAMDESTINATIONS.COM/WD/HOME.PAGE,611
366,QUEST DIAGNOSTICS,500 PLAZA DRIVE,NOT AVAILABLE,SECAUCUS,NJ,7094,HUDSON,43000,7515,40.787834,-74.04493,HTTPS://WWW.QUESTDIAGNOSTICS.COM/HOME.HTML,645
448,REALOGY HOLDINGS,175 PARK AVENUE,NOT AVAILABLE,MADISON,NJ,7940,MORRIS,11800,5810,40.77162,-74.42197,HTTPS://WWW.REALOGY.COM/,213
73,HONEYWELL INTERNATIONAL,101 COLUMBIA ROAD,NOT AVAILABLE,MORRIS TOWNSHIP,NJ,7962,MORRIS,131000,39302,40.79199,-74.44436,HTTPS://WWW.HONEYWELL.COM/,4809
126,AFLAC,1932 WYNNTON ROAD,NOT AVAILABLE,COLUMBUS,GA,31999,MUSCOGEE,10212,22559,32.46836,-84.96455,HTTPS://WWW.AFLAC.COM/,2659
243,HENRY SCHEIN,135 DURYEA ROAD,NOT AVAILABLE,MELVILLE,NY,11747,NASSAU,21000,11572,40.76804,-73.4179,HTTPS://WWW.HENRYSCHEIN.COM/,506.8
113,DUPONT,1007 MARKET STREET,NOT AVAILABLE,WILMINGTON,DE,19898,NEW CASTLE,46000,24594,39.74627,-75.54817,HTTP://WWW.DUPONT.COM/,2513
482,CHEMOURS,1007 MARKET STREET,NOT AVAILABLE,WILMINGTON,DE,19899,NEW CASTLE,7000,5400,39.74627,-75.54817,HTTPS://WWW.CHEMOURS.COM/,7
424,AMPHENOL,358 HALL AVENUE,NOT AVAILABLE,WALLINGFORD,CT,6492,NEW HAVEN,62000,6286,41.45986,-72.83263,HTTPS://WWW.AMPHENOL.COM/,822.9
262,LEUCADIA NATIONAL,520 MADISON AVENUE,NOT AVAILABLE,NEW YORK,NY,10022,NEW YORK,13000,10875,40.7601,-73.97416,HTTP://WWW.JEFFERIES.COM/,130
459,S&P GLOBAL,55 WATER STREET,NOT AVAILABLE,NEW YORK,NY,10041,NEW YORK,20000,5661,40.7032,-74.00914,HTTPS://WWW.SPGLOBAL.COM/,2106
234,CONSOLIDATED EDISON,4 IRVING PLACE,NOT AVAILABLE,NEW YORK,NY,10003,NEW YORK,14960,12075,40.73403,-73.98852,HTTPS://WWW.CONED.COM/EN,1245
218,GUARDIAN LIFE INS. CO. OF AMERICA,7 HANOVER SQUARE,NOT AVAILABLE,NEW YORK,NY,10004,NEW YORK,8876,12919,40.70403,-74.00964,HTTPS://WWW.GUARDIANLIFE.COM/,263.9
361,ASSURANT,1 CHASE MANHATTAN PLAZA,NOT AVAILABLE,NEW YORK,NY,10005,NEW YORK,14700,7532,40.70809,-74.00935,HTTPS://WWW.ASSURANT.COM/,565.4
14,VERIZON COMMUNICATIONS,1095 AVENUE OF THE AMERICAS,NOT AVAILABLE,NEW YORK,NY,10036,NEW YORK,160900,125980,40.754677,-73.984931,HTTPS://WWW.VERIZON.COM/HOME/VERIZONGLOBALHOME/GHP_LANDING.ASPX,13127
65,NEW YORK LIFE INSURANCE,51 MADISON AVENUE,NOT AVAILABLE,NEW YORK,NY,10010,NEW YORK,11320,40787,40.74324,-73.98606,HTTPS://WWW.NEWYORKLIFE.COM/,1088.1
273,L-3 COMMUNICATIONS,600 3RD AVENUE,NOT AVAILABLE,NEW YORK,NY,10016,NEW YORK,38000,10597,40.74935,-73.97595,HTTPS://WWW.L3T.COM/,710
335,PVH,200 MADISON AVENUE,NOT AVAILABLE,NEW YORK,NY,10016,NEW YORK,26650,8203,40.7488,-73.98239,HTTPS://WWW.PVH.COM/,549
444,AVON PRODUCTS,165 BROADWAY,ONE LIBERTY PLAZA,NEW YORK,NY,10006,NEW YORK,26400,5853,40.710025,-74.010868,HTTPS://WWW.AVON.COM/,-107.6
189,INTL FCSTONE,708 3RD AVENUE,15TH FLOOR,NEW YORK,NY,10017,NEW YORK,1464,14755,40.752557,-73.973738,HTTPS://WWW.INTLFCSTONE.COM/,54.7
21,J.P. MORGAN CHASE,270 PARK AVENUE,NOT AVAILABLE,NEW YORK,NY,10017,NEW YORK,243355,105486,40.75598,-73.97599,HTTPS://WWW.JPMORGANCHASE.COM/,24733
54,PFIZER,235 EAST 42ND STREET,NOT AVAILABLE,NEW YORK,NY,10017,NEW YORK,96500,52824,40.75039,-73.97252,HTTPS://WWW.PFIZER.COM/,7215
104,PHILIP MORRIS INTERNATIONAL,120 PARK AVENUE,NOT AVAILABLE,NEW YORK,NY,10017,NEW YORK,79500,26685,40.75168,-73.97843,HTTPS://WWW.PMI.COM/,6967
80,TIAA,730 3RD AVENUE,SUITE 2A,NEW YORK,NY,10017,NEW YORK,12997,37105,40.75318,-73.97332,HTTPS://WWW.TIAA.ORG/PUBLIC/INDEX.HTML,1492.3
99,TRAVELERS COS.,485 LEXINGTON AVENUE,NOT AVAILABLE,NEW YORK,NY,10017,NEW YORK,30900,27625,40.75408,-73.97349,HTTPS://WWW.TRAVELERS.COM/,3014
193,CBS,51 WEST 52ND STREET,NOT AVAILABLE,NEW YORK,NY,10019,NEW YORK,18410,14386,40.76064,-73.97819,HTTPS://WWW.CBS.COM/,1261
95,TIME WARNER,1 TIME WARNER CENTER,NOT AVAILABLE,NEW YORK,NY,10019,NEW YORK,25000,29318,40.76769,-73.98228,HTTPS://WWW.TIMEWARNERCABLE.COM/EN,3926
300,ALCOA,390 PARK AVENUE,NOT AVAILABLE,NEW YORK,NY,10022,NEW YORK,14000,9318,40.75936,-73.9727,HTTPS://WWW.ALCOA.COM/GLOBAL/EN/HOME.ASP,-400
30,CITIGROUP,399 PARK AVENUE,NOT AVAILABLE,NEW YORK,NY,10022,NEW YORK,219000,82386,40.75901,-73.97153,HTTPS://WWW.CITIGROUP.COM/CITI/,14912
182,COLGATE-PALMOLIVE,300 PARK AVENUE,NOT AVAILABLE,NEW YORK,NY,10022,NEW YORK,36700,15195,40.75705,-73.97471,HTTPS://WWW.COLGATEPALMOLIVE.COM/EN-US,2441
418,HRG GROUP,450 PARK AVENUE,29TH FLOOR,NEW YORK,NY,10022,NEW YORK,16021,6403,40.76131,-73.97128,HTTP://WWW.HRGGROUP.COM/IR-LANDING-PAGE,-198.8
179,OMNICOM GROUP,437 MADISON AVENUE,NOT AVAILABLE,NEW YORK,NY,10022,NEW YORK,78500,15417,40.757353,-73.975244,HTTP://WWW.OMNICOMGROUP.COM/,1148.6
371,RALPH LAUREN,650 MADISON AVENUE,NOT AVAILABLE,NEW YORK,NY,10022,NEW YORK,20500,7405,40.76404,-73.97166,HTTPS://WWW.RALPHLAUREN.COM/,396
428,ALLEGHANY,7 TIMES SQUARE,NOT AVAILABLE,NEW YORK,NY,10036,NEW YORK,3420,6131,40.75569,-73.98649,HTTPS://WWW.ALLEGHANY.COM/HOME/DEFAULT.ASPX,456.9
345,INTERPUBLIC GROUP,1114 AVENUE OF THE AMERICAS,NOT AVAILABLE,NEW YORK,NY,10036,NEW YORK,49800,7847,40.75482,-73.98285,HTTPS://WWW.INTERPUBLIC.COM/,608.5
210,MARSH & MCLENNAN,1166 AVENUE OF THE AMERICAS,NOT AVAILABLE,NEW YORK,NY,10036,NEW YORK,60000,13211,40.75676,-73.98177,HTTP://WWW.MMC.COM/,1768
76,MORGAN STANLEY,1585 BROADWAY,NOT AVAILABLE,NEW YORK,NY,10036,NEW YORK,55311,37949,40.75998,-73.98551,HTTPS://WWW.MORGANSTANLEY.COM/,5979
332,NEWS CORP.,1211 AVENUE OF THE AMERICAS,NOT AVAILABLE,NEW YORK,NY,10036,NEW YORK,24000,8319,40.75867,-73.9824,HTTPS://NEWSCORP.COM/,179
101,TWENTY-FIRST CENTURY FOX,1211 AVENUE OF THE AMERICAS,NOT AVAILABLE,NEW YORK,NY,10036,NEW YORK,21500,27326,40.75867,-73.9824,HTTPS://WWW.21CF.COM/,2755
224,VIACOM,1515 BROADWAY,NOT AVAILABLE,NEW YORK,NY,10036,NEW YORK,9650,12488,40.75793,-73.98644,HTTP://WWW.VIACOM.COM/,1438
55,AIG,175 WATER STREET,NOT AVAILABLE,NEW YORK,NY,10038,NEW YORK,56400,52367,40.70636,-74.00513,HTTP://WWW.AIG.COM/,-849
475,AMTRUST FINANCIAL SERVICES,59 MAIDEN LANE,NOT AVAILABLE,NEW YORK,NY,10038,NEW YORK,8000,5451,40.70862,-74.00797,HTTPS://AMTRUSTFINANCIAL.COM/,411
255,BLACKROCK,55 EAST 52ND STREET,NOT AVAILABLE,NEW YORK,NY,10055,NEW YORK,13000,11155,40.75875,-73.97356,HTTPS://WWW.BLACKROCK.COM/CORPORATE,3172
213,LOEWS,667 MADISON AVENUE,NOT AVAILABLE,NEW YORK,NY,10065,NEW YORK,15800,13105,40.76459,-73.97049,HTTPS://LOEWS.COM/,654
348,FOOT LOCKER,112 WEST 34TH STREET,NOT AVAILABLE,NEW YORK,NY,10120,NEW YORK,32965,7766,40.75,-73.98866,HTTPS://WWW.FOOTLOCKER.COM/,664
253,ESTEE LAUDER,767 5TH AVENUE,NOT AVAILABLE,NEW YORK,NY,10153,NEW YORK,46000,11262,40.76391,-73.972322,HTTPS://WWW.ESTEELAUDER.COM/,1114.6
168,ICAHN ENTERPRISES,767 5TH AVENUE,SUITE 4700,NEW YORK,NY,10153,NEW YORK,90980,16348,40.76405,-73.97311,HTTP://WWW.IELP.COM/HOME,-1128
147,BRISTOL-MYERS SQUIBB,345 PARK AVENUE,NOT AVAILABLE,NEW YORK,NY,10154,NEW YORK,25000,19427,40.75775,-73.97242,HTTPS://WWW.BMS.COM/,4457
78,GOLDMAN SACHS GROUP,200 WEST STREET,NOT AVAILABLE,NEW YORK,NY,10282,NEW YORK,34400,37712,40.71473,-74.01444,HTTP://WWW.GOLDMANSACHS.COM/,7398
86,AMERICAN EXPRESS,200 VESEY STREET,NOT AVAILABLE,NEW YORK,NY,10285,NEW YORK,56400,33823,40.71392,-74.01469,HTTPS://WWW.AMERICANEXPRESS.COM/,5408
177,BANK OF NEW YORK MELLON CORP.,225 LIBERTY STREET,NOT AVAILABLE,NEW YORK,NY,10286,NEW YORK,52000,15683,40.71281,-74.015409,HTTPS://WWW.BNYMELLON.COM/US/EN,3547
380,HUNTINGTON INGALLS INDUSTRIES,4101 WASHINGTON AVENUE,NOT AVAILABLE,NEWPORT NEWS,VA,23607,NEWPORT NEWS (CITY),37000,7068,36.98823,-76.43717,HTTP://WWW.HUNTINGTONINGALLS.COM/,573
284,NORFOLK SOUTHERN,3 COMMERCIAL PLACE,NOT AVAILABLE,NORFOLK,VA,23510,NORFOLK (CITY),27856,9888,36.84548,-76.28802,HTTP://WWW.NSCORP.COM/CONTENT/NSCORP/EN.HTML,1668
151,LEAR,21557 TELEGRAPH ROAD,NOT AVAILABLE,SOUTHFIELD,MI,48033,OAKLAND,148400,18558,42.45125,-83.28132,HTTP://WWW.LEAR.COM/,975.1
490,KELLY SERVICES,999 WEST BIG BEAVER ROAD,NOT AVAILABLE,TROY,MI,48084,OAKLAND,7500,5277,42.56084,-83.16604,HTTPS://WWW.KELLYSERVICES.US/US/,120.8
142,PENSKE AUTOMOTIVE GROUP,2555 TELEGRAPH ROAD,NOT AVAILABLE,BLOOMFIELD HILLS,MI,48302,OAKLAND,24000,20143,42.60254,-83.28796,HTTP://WWW.PENSKEAUTOMOTIVE.COM/,342.9
353,PULTEGROUP,3350 PEACHTREE ROAD NORTHEAST,NOT AVAILABLE,ATLANTA,GA,30326,FULTON,4623,7669,33.847682,-84.368186,HTTP://WWW.PULTEGROUPINC.COM/,602.7
283,AUTOLIV,1320 PACIFIC DRIVE,NOT AVAILABLE,AUBURN HILLS,MI,48326,OAKLAND,65900,10074,42.6942,-83.27407,HTTPS://WWW.AUTOLIV.COM/,567.1
305,BORGWARNER,3850 HAMLIN ROAD,NOT AVAILABLE,AUBURN HILLS,MI,48326,OAKLAND,27000,9071,42.64544,-83.21182,HTTPS://WWW.BORGWARNER.COM/HOME,118.5
231,DEVON ENERGY,333 WEST SHERIDAN AVENUE,NOT AVAILABLE,OKLAHOMA CITY,OK,73102,OKLAHOMA,3545,12197,35.46728,-97.51843,HTTP://WWW.DEVONENERGY.COM/,-3302
343,CHESAPEAKE ENERGY,6100 NORTH WESTERN AVENUE,NOT AVAILABLE,OKLAHOMA CITY,OK,73118,OKLAHOMA,3300,7872,35.53367,-97.52924,HTTP://WWW.CHK.COM/,-4401
263,ENTERGY,639 LOYOLA AVENUE,NOT AVAILABLE,NEW ORLEANS,LA,70113,OLREANS,13513,10846,29.94917,-90.07648,HTTP://WWW.ENTERGY.COM/,-583.6
464,FIRST AMERICAN FINANCIAL,1 1ST AMERICAN WAY,NOT AVAILABLE,SANTA ANA,CA,92707,ORANGE,19531,5576,33.7022,-117.85977,HTTP://WWW.FIRSTAM.COM/,343
385,DARDEN RESTAURANTS,1000 DARDEN CENTER DRIVE,NOT AVAILABLE,ORLANDO,FL,32837,ORANGE,150942,6934,28.41777,-81.42347,HTTPS://WWW.DARDEN.COM/,375
217,WESTERN DIGITAL,3355 MICHAELSON DRIVE,SUITE 100,IRVINE,CA,92612,ORANGE,72878,12994,33.6705,-117.84007,HTTPS://WWW.WDC.COM/,242
160,CENTURYLINK,100 CENTURYLINK DRIVE,NOT AVAILABLE,MONROE,LA,71203,OUACHITA,40000,17470,32.58997,-92.06862,HTTPS://WWW.CENTURYLINK.COM/,626
170,NEXTERA ENERGY,700 UNIVERSE BOULEVARD,NOT AVAILABLE,JUNO BEACH,FL,33408,PALM BEACH,14700,16155,26.85979,-80.05985,HTTP://WWW.NEXTERAENERGY.COM/,2912
203,OFFICE DEPOT,6600 NORTH MILITARY TRAIL,NOT AVAILABLE,BOCA RATON,FL,33496,PALM BEACH,38000,13585,26.40427,-80.12051,HTTPS://WWW.OFFICEDEPOT.COM/,529
244,"TOYS ""R"" US",1 GEOFFREY WAY,NOT AVAILABLE,WAYNE,NJ,7470,PASSAIC,64000,11540,40.98003,-74.25564,HTTPS://WWW.TOYSRUS.COM/,-36
74,CATERPILLAR,100 NE ADAMS STREET,NOT AVAILABLE,PEORIA,IL,61629,PEORIA,95400,38537,40.69173,-89.58841,HTTPS://WWW.CATERPILLAR.COM/EN.HTML,-67
395,A-MARK PRECIOUS METALS,1101 MARKET STREET,NOT AVAILABLE,PHILADELPHIA,PA,19107,PHILADELPHIA,83000,6784,39.95213,-75.15845,HTTPS://WWW.AMARK.COM/,9.3
192,ARAMARK,1101 MARKET STREET,NOT AVAILABLE,PHILADELPHIA,PA,19107,PHILADELPHIA,217250,14416,39.95213,-75.15845,HTTPS://WWW.ARAMARK.COM/,287.8
333,CROWN HOLDINGS,1 CROWN WAY,NOT AVAILABLE,PHILADELPHIA,PA,19154,PHILADELPHIA,23992,8284,40.11188,-74.99049,HTTPS://WWW.CROWNCORK.COM/,496
469,RAYMOND JAMES FINANCIAL,880 CARILLON PARKWAY,NOT AVAILABLE,SAINT PETERSBURG,FL,33716,PINELLAS,11900,5520,27.88649,-82.66717,HTTPS://WWW.RAYMONDJAMES.COM/,529.4
152,JABIL CIRCUIT,10560 DR. MARTIN LUTHER KING,NOT AVAILABLE,SAINT PETERSBURG,FL,33716,PINELLAS,138000,18353,27.86769,-82.64715,HTTPS://WWW.JABIL.COM/,254.1
107,TECH DATA,5350 TECH DATA DRIVE,BUILDING A,CLEARWATER,FL,33760,PINELLAS,9500,26235,27.9175,-82.70783,HTTPS://WWW.TECHDATA.COM/,195.1
85,PUBLIX SUPER MARKETS,3300 PUBLIX CORPORATE PARKWAY,NOT AVAILABLE,LAKELAND,FL,33811,POLK,191000,34274,28.0023,-82.01313,HTTP://WWW.PUBLIX.COM/,2025.7
423,CASEY'S GENERAL STORES,1 SOUTHEAST CONVENIENCE BOULEVARD,NOT AVAILABLE,ANKENY,IA,50021,POLK,24724,6304,41.693711,-93.57317,HTTPS://WWW.CASEYS.COM/,226
227,PRINCIPAL FINANCIAL,711 HIGH STREET,NOT AVAILABLE,DES MOINES,IA,50392,POLK,14854,12394,41.58857,-93.62759,HTTPS://WWW.PRINCIPAL.COM/,1316.5
7,CVS HEALTH,1 CVS DRIVE,NOT AVAILABLE,WOONSOCKET,RI,2895,PROVIDENCE,204000,177526,41.99339,-71.47789,HTTPS://CVSHEALTH.COM/,5317
451,CITIZENS FINANCIAL GROUP,1 CITIZENS PLAZA,NOT AVAILABLE,PROVIDENCE,RI,2903,PROVIDENCE,17600,5763,41.82884,-71.41286,HTTPS://WWW.CITIZENSBANK.COM/HOMEPAGE.ASPX,1045
200,TEXTRON,40 WESTMINSTER STREET,NOT AVAILABLE,PROVIDENCE,RI,2903,PROVIDENCE,36000,13788,41.82491,-71.40919,HTTPS://WWW.TEXTRON.COM/,962
325,UNITED NATURAL FOODS,313 IRON HORSE WAY,NOT AVAILABLE,PROVIDENCE,RI,2908,PROVIDENCE,9554,8470,41.8293,-71.43067,HTTPS://WWW.UNFI.COM/,125.8
417,DILLARD'S,1600 CANTRELL ROAD,NOT AVAILABLE,LITTLE ROCK,AR,72201,PULASKI,30800,6418,34.75402,-92.28755,HTTPS://WWW.DILLARDS.COM/,169.2
485,WINDSTREAM HOLDINGS,4001 RODNEY PARHAM ROAD,SUITE 101,LITTLE ROCK,AR,72212,PULASKI,11870,5387,34.78773,-92.39809,HTTP://INVESTOR.WINDSTREAM.COM/INVESTORS/INDEX.CFM,-383.5
403,JETBLUE AIRWAYS,27-01 QUEENS PLAZA NORTH,NOT AVAILABLE,LONG ISLAND CITY,NY,11101,QUEENS,15986,6632,40.75084,-73.93867,HTTPS://WWW.JETBLUE.COM/,759
471,FISERV,255 FISERV DRIVE,NOT AVAILABLE,BROOKFIELD,WI,53405,RACINE,23000,5505,43.03355,-88.14072,HTTPS://WWW.FISERV.COM/INDEX.ASPX,930
211,ECOLAB,370 WABAHA STREET NORTH,NOT AVAILABLE,SAINT PAUL,MN,55102,RAMSEY,47565,13153,44.94594,-93.09467,HTTPS://WWW.ECOLAB.COM/,1229.6
434,ST. JUDE MEDICAL,1 SAINT JUDE MEDICAL DRIVE,NOT AVAILABLE,SAINT PAUL,MN,55117,RAMSEY,18000,6004,45.01234,-93.10161,HTTPS://WWW.SJM.COM/EN,734
209,LAND O'LAKES,4001 LEXINGTON AVENUE NORTH,NOT AVAILABLE,ARDEN HILLS,MN,55126,RAMSEY,10000,13233,45.06354,-93.15133,HTTPS://WWW.LANDOLAKESINC.COM/,244.9
42,METLIFE,200 PARK AVENUE,NOT AVAILABLE,NEW YORK,NY,10166,RICHMOND,58000,63476,40.75306,-73.97776,HTTPS://WWW.METLIFE.COM/,800
266,VOYA FINANCIAL,230 PARK AVENUE,NOT AVAILABLE,NEW YORK,NY,10169,RICHMOND,6700,10782,40.75439,-73.9761,HTTPS://WWW.VOYA.COM/,-428
238,DOMINION RESOURCES,120 TREDEGAR STREET,NOT AVAILABLE,RICHMOND,VA,23219,RICHMOND,16200,11737,37.534,-77.45263,HTTPS://WWW.DOMINIONENERGY.COM/,2123
292,ADVANCE AUTO PARTS,5008 AIRPORT ROAD,NOT AVAILABLE,ROANOKE,VA,24012,ROANOKE,57500,9568,37.31775,-79.95839,HTTPS://SHOP.ADVANCEAUTOPARTS.COM/,459.6
105,DEERE,1 JOHN DEERE PLACE,NOT AVAILABLE,MOLINE,IL,61265,ROCK ISLAND,56767,26644,41.47632,-90.42457,HTTPS://WWW.DEERE.COM/EN/INDEX.HTML,1523.9
246,REINSURANCE GROUP OF AMERICA,16600 SWINGLEY RIDGE ROAD,NOT AVAILABLE,CHESTERFIELD,MO,63017,ST LOUIS,2371,11522,38.661306,-90.56653,HTTPS://WWW.RGARE.COM/,701.4
66,CENTENE,7700 FORSYTH BOULEVARD,NOT AVAILABLE,SAINT LOUIS,MO,63105,ST LOUIS,30500,40721,38.64954,-90.33465,HTTPS://WWW.CENTENE.COM/,562
420,GRAYBAR ELECTRIC,34 NORTH MERAMEC AVENUE,NOT AVAILABLE,SAINT LOUIS,MO,63105,ST LOUIS,8500,6385,38.65149,-90.33901,HTTPS://WWW.GRAYBAR.COM/STORE/EN/GB,93.1
467,OLIN,190 CARONDELET PLAZA,SUITE 1530,CLAYTON,MO,63105,ST LOUIS,6400,5551,38.64849,-90.33389,HTTPS://WWW.OLIN.COM/,-3.9
22,EXPRESS SCRIPTS HOLDING,1 EXPRESS WAY,NOT AVAILABLE,SAINT LOUIS,MO,63121,ST LOUIS,25600,100288,38.71851,-90.31114,HTTPS://WWW.EXPRESS-SCRIPTS.COM/#/,3404.4
404,JONES FINANCIAL,12555 MANCHESTER ROAD,NOT AVAILABLE,DES PERES,MO,63131,ST LOUIS,43000,6632,38.60453,-90.44781,HTTPS://WWW.EDWARDJONES.COM/INDEX.HTML,746
139,EMERSON ELECTRIC,8000 WEST FLORISSANT AVENUE,NOT AVAILABLE,SAINT LOUIS,MO,63136,ST LOUIS,103500,20268,38.73232,-90.28532,HTTP://WWW.EMERSON.COM/EN-US/,1635
204,MONSANTO,800 NORTH LINDBERGH BOULEVARD,NOT AVAILABLE,SAINT LOUIS,MO,63167,ST LOUIS,22450,13502,38.66933,-90.39977,HTTPS://MONSANTO.COM/,1336
431,AMEREN,1901 CHOUTEAU AVENUE,NOT AVAILABLE,SAINT LOUIS,MO,63103,ST LOUIS (CITY),8629,6076,38.6207,-90.21103,HTTPS://WWW.AMEREN.COM/,653
289,HUNTSMAN,500 HUNTSMAN WAY,NOT AVAILABLE,SALT LAKE CITY,UT,84108,SALT LAKE,15000,9657,40.75842,-111.81899,HTTP://WWW.HUNTSMAN.COM/CORPORATE/A/HOME,326
280,SEMPRA ENERGY,101 ASH STREET,NOT AVAILABLE,SAN DIEGO,CA,92101,SAN DIEGO,16575,10183,32.71931,-117.16342,HTTPS://WWW.SEMPRA.COM/,1370
119,QUALCOMM,5775 MOREHOUSE DRIVE,NOT AVAILABLE,SAN DIEGO,CA,92121,SAN DIEGO,30500,23554,32.89718,-117.19576,HTTPS://WWW.QUALCOMM.COM/,5705
5,MCKESSON,1 POST STREET,NOT AVAILABLE,SAN FRANCISCO,CA,94104,SAN FRANCISCO,68000,192487,37.78877,-122.40257,HTTP://WWW.MCKESSON.COM/,2258
357,CHARLES SCHWAB,211 MAIN STREET,NOT AVAILABLE,SAN FRANCISCO,CA,94105,SAN FRANCISCO,16200,7644,37.79059,-122.3927,HTTPS://WWW.SCHWAB.COM/,1889
178,GAP,2 FOLSOM STREET,NOT AVAILABLE,SAN FRANCISCO,CA,94105,SAN FRANCISCO,135000,15516,37.79086,-122.39103,HTTPS://WWW.GAP.COM/,676
157,PG&E CORP.,77 BEALE STREET,NOT AVAILABLE,SAN FRANCISCO,CA,94105,SAN FRANCISCO,24000,17666,37.79146,-122.39592,HTTP://WWW.PGECORP.COM/CORP/INDEX.PAGE,1393
326,SALESFORCE.COM,1 MARKET STREET,SUITE 300,SAN FRANCISCO,CA,94105,SAN FRANCISCO,25000,8392,37.79387,-122.39486,HTTPS://WWW.SALESFORCE.COM/,179.6
25,WELLS FARGO,420 MONTGOMERY STREET,NOT AVAILABLE,SAN FRANCISCO,CA,94163,SAN FRANCISCO,269100,94176,37.7934,-122.4024,HTTPS://WWW.WELLSFARGO.COM/,21938
98,FACEBOOK,1601 WILLOW ROAD,NOT AVAILABLE,MENLO PARK,CA,94025,SAN MATEO,17048,27638,37.48229,-122.1504,HTTPS://WWW.FACEBOOK.COM/,10217
493,ROBERT HALF INTERNATIONAL,2884 SAND HILL ROAD,NOT AVAILABLE,MENLO PARK,CA,94025,SAN MATEO,16400,5250,37.42176,-122.21504,HTTPS://WWW.ROBERTHALF.COM/,343.4
81,ORACLE,500 ORACLE PARKWAY,NOT AVAILABLE,REDWOOD CITY,CA,94065,SAN MATEO,136000,37047,37.53073,-122.26245,HTTPS://WWW.ORACLE.COM/INDEX.HTML,8901
247,CORE-MARK HOLDING,395 OYSTER POINT BOULEVARD,SUITE 415,SOUTH SAN FRANCISCO,CA,94080,SAN MATEO,7688,11507,37.667391,-122.383003,HTTPS://WWW.CORE-MARK.COM/,54.2
405,FRANKLIN RESOURCES,1 FRANKLIN PARKWAY,NOT AVAILABLE,SAN MATEO,CA,94403,SAN MATEO,9059,6618,37.54322,-122.29206,HTTP://WWW.FRANKLINRESOURCES.COM/CORP/HOME,1726.7
92,GILEAD SCIENCES,333 LAKESIDE DRIVE,NOT AVAILABLE,FOSTER CITY,CA,94404,SAN MATEO,9000,30390,37.56714,-122.28188,HTTPS://WWW.GILEAD.COM/,13501
187,VISA,900 METRO CENTER BOULEVARD,NOT AVAILABLE,FOSTER CITY,CA,94404,SAN MATEO,14200,15082,37.5592,-122.27658,HTTPS://USA.VISA.COM/,5991
264,PAYPAL HOLDINGS,2211 NORTH 1ST STREET,NOT AVAILABLE,SAN JOSE,CA,95131,SANTA CLARA,18100,10842,37.37627,-121.92257,HTTPS://INVESTOR.PAYPAL-CORP.COM/,1401
27,ALPHABET,1600 AMPHITHEATRE PARKWAY,NOT AVAILABLE,MOUNTAIN VIEW,CA,94043,SANTA CLARA,72053,90272,37.42202,-122.08432,HTTPS://ABC.XYZ/,19478
465,SYMANTEC,350 ELLIS STREET,NOT AVAILABLE,MOUNTAIN VIEW,CA,94043,SANTA CLARA,11000,5568,37.39779,-122.05465,HTTPS://WWW.SYMANTEC.COM/,2488
468,NETAPP,495 EAST JAVA DRIVE,NOT AVAILABLE,SUNNYVALE,CA,94089,SANTA CLARA,12030,5546,37.41266,-122.01133,HTTPS://WWW.NETAPP.COM/US/INDEX.ASPX,229
498,YAHOO,701 1ST AVENUE,NOT AVAILABLE,SUNNYVALE,CA,94089,SANTA CLARA,8500,5169,37.4179,-122.0253,HTTPS://WWW.YAHOO.COM/,-214.3
59,HEWLETT PACKARD ENTERPRISE,3000 HANOVER STREET,NOT AVAILABLE,PALO ALTO,CA,94304,SANTA CLARA,195000,50123,37.41467,-122.14572,HTTPS://WWW.HPE.COM/US/EN/HOME.HTML,3161
61,HP,3000 HANOVER STREET,NOT AVAILABLE,PALO ALTO,CA,94304,SANTA CLARA,49000,48238,37.41467,-122.14572,HTTPS://WWW8.HP.COM/US/EN/HOME.HTML,2496
383,TESLA,3500 DEER CREEK ROAD,NOT AVAILABLE,PALO ALTO,CA,94304,SANTA CLARA,30025,7000,37.39455,-122.15025,HTTPS://WWW.TESLA.COM/,-674.9
3,APPLE,1 INFINITE LOOP,NOT AVAILABLE,CUPERTINO,CA,95014,SANTA CLARA,116000,215639,37.33177,-122.03042,HTTPS://WWW.APPLE.COM/,45687
314,NETFLIX,100 WINCHESTER CIRCLE,NOT AVAILABLE,LOS GATOS,CA,95032,SANTA CLARA,3850,8831,37.25958,-121.96263,HTTPS://WWW.NETFLIX.COM/,186.7
414,SANMINA,2700 NORTH 1ST STREET,NOT AVAILABLE,MILPITAS,CA,95035,SANTA CLARA,40178,6481,37.39015,-121.92934,HTTP://WWW.SANMINA.COM/,187.8
387,NVIDIA,2788 SAN TOMAS EXPRESSWAY,NOT AVAILABLE,SANTA CLARA,CA,95051,SANTA CLARA,10299,6910,37.37173,-121.96588,HTTP://WWW.NVIDIA.COM/CONTENT/GLOBAL/GLOBAL.PHP,1666
265,APPLIED MATERIALS,3050 BOWERS AVENUE,NOT AVAILABLE,SANTA CLARA,CA,95054,SANTA CLARA,16150,10825,37.37749,-121.9786,HTTP://WWW.APPLIEDMATERIALS.COM/,1721
47,INTEL,2200 MISSION COLLEGE BOULEVARD,NOT AVAILABLE,SANTA CLARA,CA,95054,SANTA CLARA,106000,59387,37.38851,-121.96375,HTTPS://WWW.INTEL.COM/CONTENT/WWW/US/EN/HOMEPAGE.HTML,10316
310,EBAY,2025 HAMILTON AVENUE,NOT AVAILABLE,SAN JOSE,CA,95125,SANTA CLARA,12600,8979,37.295143,-121.92611,HTTPS://WWW.EBAY.COM/,7266
60,CISCO SYSTEMS,170 WEST TASMAN DRIVE,NOT AVAILABLE,SAN JOSE,CA,95134,SANTA CLARA,73700,49247,37.40866,-121.9537,HTTPS://WWW.CISCO.COM/,10739
393,SPIRIT AEROSYSTEMS HOLDINGS,3801 SOUTH OLIVER STREET,NOT AVAILABLE,WICHITA,KS,67210,SEDGWICK,14400,6793,37.62239,-97.28386,HTTP://WWW.SPIRITAERO.COM/,469.7
270,AUTOZONE,123 SOUTH FRONT STREET,NOT AVAILABLE,MEMPHIS,TN,38103,SHELBY,66780,10636,35.14201,-90.05605,HTTPS://WWW.AUTOZONE.COM/,1241
58,FEDEX,942 SOUTH SHADY GROVE ROAD,NOT AVAILABLE,MEMPHIS,TN,38120,SHELBY,335767,50365,35.10565,-89.85831,HTTPS://WWW.FEDEX.COM/EN-US/HOME.HTML,1820
133,INTERNATIONAL PAPER,6400 POPLAR AVENUE,NOT AVAILABLE,MEMPHIS,TN,38197,SHELBY,55000,21079,35.10015,-89.84948,HTTP://WWW.INTERNATIONALPAPER.COM/,904
298,CORNING,1 RIVERFRONT PLAZA,NOT AVAILABLE,CORNING,NY,14831,STEUBEN,40700,9390,42.14462,-77.05759,HTTPS://WWW.CORNING.COM/WORLDWIDE/EN.HTML,3695
271,STATE STREET CORP.,1 LINCOLN STREET,NOT AVAILABLE,BOSTON,MA,2111,SUFFOLK,33783,10635,42.35306,-71.05899,HTTP://WWW.STATESTREET.COM/HOME.HTML,2143
449,AMERICAN TOWER,116 HUNTINGTON AVENUE,FLOOR 11,BOSTON,MA,2116,SUFFOLK,4507,5786,42.34652,-71.07977,HTTP://WWW.AMERICANTOWER.COM/CORPORATEUS/GLOBAL-COUNTRY-SELECTOR/INDEX.HTM,956.4
75,LIBERTY MUTUAL INSURANCE GROUP,175 BERKELEY STREET,NOT AVAILABLE,BOSTON,MA,2116,SUFFOLK,50000,38308,42.35006,-71.07208,HTTPS://WWW.LIBERTYMUTUAL.COM/,1006
309,EASTMAN CHEMICAL,200 SOUTH WILCOX DRIVE,NOT AVAILABLE,KINGSPORT,TN,37660,SULLIVAN,14000,9008,36.53579,-82.54941,HTTPS://WWW.EASTMAN.COM/PAGES/HOME.ASPX,854
196,FIRSTENERGY,76 SOUTH MAIN STREET,NOT AVAILABLE,AKRON,OH,44308,SUMMIT,15707,14156,41.083253,-81.518515,HTTPS://WWW.FIRSTENERGYCORP.COM/FEHOME.HTML,-6177
184,GOODYEAR TIRE & RUBBER,200 INNOVATION WAY,NOT AVAILABLE,AKRON,OH,44316,SUMMIT,66000,15158,41.05943,-81.47725,HTTPS://WWW.GOODYEAR.COM/,1264
321,GAMESTOP,625 WESTPORT PARKWAY,NOT AVAILABLE,GRAPEVINE,TX,76051,TARRANT,41750,8608,32.90274,-97.08751,HTTPS://WWW.GAMESTOP.COM/,353.2
232,D.R. HORTON,301 COMMERCE STREET,NOT AVAILABLE,FORT WORTH,TX,76102,TARRANT,6976,12157,32.75605,-97.33065,HTTP://WWW.DRHORTON.COM/,886.3
67,AMERICAN AIRLINES GROUP,4333 AMON CARTER BOULEVARD,NOT AVAILABLE,FORT WORTH,TX,76155,TARRANT,122300,40180,32.82564,-97.05058,HTTPS://WWW.AA.COM/HOMEPAGE.DO,2676
228,ARCONIC,1007 SOUTH HEATHERWILDE BOULEVARD,SUITE 700,AUSTIN,TX,78660,TRAVIS,41500,12394,30.43797,-97.64599,HTTPS://WWW.ARCONIC.COM/GLOBAL/EN/HOME.ASP,-941
176,WHOLE FOODS MARKET,550 BOWIE STREET,NOT AVAILABLE,AUSTIN,TX,78703,TRAVIS,73515,15724,30.27086,-97.75277,HTTPS://WWW.WHOLEFOODSMARKET.COM/,507
312,ONEOK,100 WEST 5TH STREET,NOT AVAILABLE,TULSA,OK,74103,TULSA,2384,8921,36.15043,-95.99153,HTTP://WWW.ONEOK.COM/,352
237,NGL ENERGY PARTNERS,6120 SOUTH YALE AVENUE,NOT AVAILABLE,TULSA,OK,74136,TULSA,3200,11742,36.07226,-95.92557,HTTP://WWW.NGLENERGYPARTNERS.COM/,-198.9
367,WILLIAMS,1 WILLIAMS CENTER,NOT AVAILABLE,TULSA,OK,74172,TULSA,5604,7499,36.15435,-95.99151,HTTP://CO.WILLIAMS.COM/,-424
233,BED BATH & BEYOND,650 LIBERTY AVENUE,NOT AVAILABLE,UNION,NJ,7083,UNION,62000,12104,40.69729,-74.30522,HTTPS://WWW.BEDBATHANDBEYOND.COM/,841.5
254,CELGENE,86 MORRIS AVENUE,NOT AVAILABLE,SUMMIT,NJ,7901,UNION,7132,11229,40.70987,-74.34783,HTTP://WWW.CELGENE.COM/,1999.2
291,MURPHY USA,200 PEACH STREET,NOT AVAILABLE,EL DORADO,AR,71730,UNION,6600,9633,33.21469,-92.66231,HTTPS://WWW.MURPHYUSA.COM/,221.5
413,BERRY GLOBAL GROUP,301 NORTH KENTUCKY AVENUE,NOT AVAILABLE,EVANSVILLE,IN,47711,VANDERBURGH,21000,6489,37.98045,-87.546,HTTP://WWW.BERRYGLOBAL.COM/,236
123,AMGEN,1 AMGEN CENTER DRIVE,NOT AVAILABLE,THOUSAND OAKS,CA,91320,VENTURA,19200,22991,34.19201,-118.91968,HTTPS://WWW.AMGEN.COM/,7722
82,TYSON FOODS,2200 WEST DON TYSON PARKWAY,NOT AVAILABLE,SPRINGDALE,AR,72762,WASHINGTON,114000,36881,36.15401,-94.15459,HTTPS://WWW.TYSON.COM/,1768
88,NIKE,1 BOWERMAN DRIVE,NOT AVAILABLE,BEAVERTON,OR,97005,WASHINGTON,70700,32376,45.50715,-122.82844,HTTPS://WWW.NIKE.COM/US/EN_US/,3760
346,J.M. SMUCKER,1 STRAWBERRY LANE,NOT AVAILABLE,ORRVILLE,OH,44667,WAYNE,6910,7811,40.85039,-81.76289,HTTP://WWW.JMSMUCKER.COM/,688.7
10,FORD MOTOR,1 AMERICAN ROAD,NOT AVAILABLE,DEARBORN,MI,48126,WAYNE,201000,151800,42.31475,-83.2094,HTTPS://WWW.FORD.COM/,4596
372,MASCO,21001 VAN BORN ROAD,NOT AVAILABLE,TAYLOR,MI,48180,WAYNE,26000,7357,42.26778,-83.24257,HTTP://MASCO.COM/,491
272,DTE ENERGY,1 ENERGY PLAZA,NOT AVAILABLE,DETROIT,MI,48226,WAYNE,10000,10630,42.33338,-83.05739,HTTPS://WWW.NEWLOOK.DTEENERGY.COM/WPS/WCM/CONNECT/DTE-WEB/HOME,868
286,ALLY FINANCIAL,500 WOODWARD AVENUE,NOT AVAILABLE,DETROIT,MI,48226,WAYNE,7600,9835,42.330347,-83.044951,HTTPS://WWW.ALLY.COM/,1067
8,GENERAL MOTORS,300 RENAISSANCE CENTER,NOT AVAILABLE,DETROIT,MI,48265,WAYNE,225000,166380,42.32942,-83.04079,HTTPS://WWW.GM.COM/,9427
32,IBM,1 NEW ORCHARD ROAD,NOT AVAILABLE,ARMONK,NY,10504,WESTCHESTER,414400,79919,41.10754,-73.72124,HTTPS://WWW.IBM.COM/US-EN/,11872
267,MASTERCARD,2000 PURCHASE STREET,NOT AVAILABLE,PURCHASE,NY,10577,WESTCHESTER,11900,10776,41.02329,-73.71059,HTTPS://WWW.MASTERCARD.US/EN-US.HTML,4059
44,PEPSICO,700 ANDERSON HILL ROAD,NOT AVAILABLE,PURCHASE,NY,10577,WESTCHESTER,264000,62799,41.03475,-73.69335,HTTPS://WWW.PEPSI.COM/EN-US/,6329
480,DELEK US HOLDINGS,7102 COMMERCE WAY,NOT AVAILABLE,BRENTWOOD,TN,37027,WILLIAMSON,1326,5414,35.97105,-86.8094,HTTP://WWW.DELEKUS.COM/,-153.7
374,LIFEPOINT HEALTH,330 SEVEN SPRINGS WAY,NOT AVAILABLE,BRENTWOOD,TN,37027,WILLIAMSON,47000,7274,36.04162,-86.76894,HTTP://WWW.LIFEPOINTHEALTH.NET/,121.9
396,TRACTOR SUPPLY,5401 VIRGINIA WAY,NOT AVAILABLE,BRENTWOOD,TN,37027,WILLIAMSON,19500,6780,36.032478,-86.813115,HTTPS://WWW.TRACTORSUPPLY.COM/,437.1
130,COMMUNITY HEALTH SYSTEMS,4000 MERIDIAN BOULEVARD,NOT AVAILABLE,FRANKLIN,TN,37067,WILLIAMSON,108000,21374,35.95185,-86.81122,HTTP://WWW.CHS.NET/,-1721
41,DELL TECHNOLOGIES,1 DELL WAY,NOT AVAILABLE,ROUND ROCK,TX,78682,WILLIAMSON,138000,64806,30.48641,-97.67513,HTTP://WWW.DELL.COM/EN-US,-1672
425,OSHKOSH,2307 OREGON STREET,NOT AVAILABLE,OSHKOSH,WI,54902,WINNEBAGO,13800,6279,43.99301,-88.54267,HTTPS://WWW.OSHKOSH.COM/,216.4
401,OWENS-ILLINOIS,1 MICHAEL OWENS WAY,NOT AVAILABLE,PERRYSBURG,OH,43551,WOOD,27000,6702,41.52773,-83.64698,HTTP://WWW.O-I.COM/,209
350,SPARTANNASH,850 76TH STREET SW,NOT AVAILABLE,BYRON CENTER,MI,49315,KENT,11500,7735,42.82551,-85.68454,HTTPS://WWW.SPARTANNASH.COM/,56.8
150,KOHL'S,N56W17000 RIDGEWOOD DRIVE,NOT AVAILABLE,MENOMONEE FALLS,WI,53051,WAUKESHA,85000,18686,43.12196,-88.12328,HTTPS://WWW.KOHLS.COM/,556
35,JOHNSON & JOHNSON,1 JOHNSON AND JOHNSON PLAZA,NOT AVAILABLE,NEW BRUNSWICK,NJ,8933,MIDDLESEX,126400,71890,40.49804,-74.44296,HTTPS://WWW.JNJ.COM/,16540
324,PETER KIEWIT SONS',3555 FARNAM STREET,KIEWIT PLAZA,OMAHA,NE,68131,DOUGLAS,20000,8573,41.25718,-95.96546,HTTPS://WWW.KIEWIT.COM/?LANG=EN,396
342,MUTUAL OF OMAHA INSURANCE,3300 MUTUAL OF OMAHA PLAZA,NOT AVAILABLE,OMAHA,NE,68175,DOUGLAS,5732,7899,41.25847,-95.96229,HTTPS://WWW.MUTUALOFOMAHA.COM/,356.6
111,ABBVIE,1 NORTH WAUKEGAN,NOT AVAILABLE,NORTH CHICAGO,IL,60064,LAKE,30000,25638,42.30212,-87.89156,HTTPS://WWW.ABBVIE.COM/,5953
31,COMCAST,1701 JOHN F KENNEDY BOULEVARD,COMCAST CENTER,PHILADELPHIA,PA,19103,PHILADELPHIA,159000,80403,39.95468,-75.16848,HTTPS://CORPORATE.COMCAST.COM/,8695
36,PROCTER & GAMBLE,1 PROCTER AND GAMBLE PLAZA,NOT AVAILABLE,CINCINNATI,OH,45202,HAMILTON,105000,71726,39.10311,-84.50542,HTTPS://US.PG.COM/,10508
239,AMERIPRISE FINANCIAL,55 AMERIPRISE FINANCIAL CENTER,AMERIPRISE FINANCIAL CENTER,MINNEAPOLIS,MN,55474,HENNEPIN,13195,11735,44.97526,-93.26949,HTTPS://WWW.AMERIPRISE.COM/,1314
94,3M,2501 HUDSON ROAD,NOT AVAILABLE,MAPLEWOOD,MN,55144,RAMSEY,91584,30109,44.95067,-92.99524,HTTPS://WWW.3M.COM/3M/EN_US/COMPANY-US/,5050