COMPANY_NAME,TOTAL_REVENUE,PROFIT,PROFIT_MARGIN,EMPLOYEES,INDUSTRY,CITY,STATE,LAT,LON
Hess,5405,-4074,-75.37,2075,"Mining, Crude-Oil Production",New York,NY,40.7127753,-74.0059728
Host Hotels & Resorts,5387,564,10.47,205,Real estate,Bethesda,MD,38.984652,-77.0947092
Kelly Services,5374,72,1.34,7800,Temporary Help,Troy,MI,42.6064095,-83.1497751
Genesis Healthcare,5374,-579,-10.77,68700,Health Care: Medical Facilities,Kennett Square,PA,39.8467767,-75.7116032
Michaels Cos.,5362,391,7.29,30500,Specialty Retailers: Other,Irving,TX,32.8140177,-96.9488945
Advanced Micro Devices,5329,43,0.81,8900,Semiconductors and Other Electronic Components,Santa Clara,CA,37.3541079,-121.9552356
Zoetis,5307,864,16.28,9200,Pharmaceuticals,Parsippany-Troy Hills,NJ,40.8652865,-74.4173877
Williams-Sonoma,5292,260,4.91,19350,Specialty Retailers: Other,SF,CA,37.7749295,-122.4194155
Fortune Brands Home & Security,5283,473,8.95,23870,"Home Equipment, Furnishings",Deerfield,IL,42.1711365,-87.8445119
Big Lots,5271,190,3.6,22900,Specialty Retailers: Other,Columbus,OH,39.9611755,-82.9987942
Robert Half International,5267,291,5.52,17200,Temporary Help,Menlo Park,CA,37.4529598,-122.1817252
Post Holdings,5226,48,0.92,11410,Food Consumer Products,St. Louis,MO,38.6270025,-90.1994042
Hasbro,5210,397,7.62,5400,"Toys, Sporting Goods",Pawtucket,RI,41.878711,-71.3825558
Hanover Insurance Group,5184,186,3.59,4600,Insurance: Property and Casualty (Stock),Worcester,MA,42.2625932,-71.8022934
Navient,5179,292,5.64,6700,Diversified Financials,Wilmington,DE,39.7390721,-75.5397878
Intuit,5177,971,18.76,8200,Computer Software,Mountain View,CA,37.3860517,-122.0838511
Domtar,5157,-258,-5,10000,Forest and Paper Products,Fort Mill,SC,35.0073697,-80.9450759
Marathon Oil,5153,-5723,-111.06,2300,"Mining, Crude-Oil Production",Houston,TX,29.7604267,-95.3698028
Cerner,5142,867,16.86,26000,Health Care: Pharmacy and Other Services,North Kansas City,MO,39.1429081,-94.5729781
Analog Devices,5108,727,14.23,15300,Semiconductors and Other Electronic Components,Norwood,MA,42.1943909,-71.1989695
Telephone & Data Systems,5044,153,3.03,9900,Telecommunications,Chicago,IL,41.8781136,-87.6297982
Essendant,5037,-267,-5.3,6400,Wholesalers: Electronics and Office Equipment,Deerfield,IL,42.1711365,-87.8445119
Sonoco Products,5037,175,3.47,21000,"Packaging, Containers",Hartsville,SC,34.3740431,-80.0734005
Juniper Networks,5027,306,6.09,9381,Network and Other Communications Equipment,Sunnyvale,CA,37.36883,-122.0363496
Commercial Metals,4999,46,0.92,8797,Metals,Irving,TX,32.8140177,-96.9488945
CSRA,4993,304,6.09,18500,Information Technology Services,Falls Church,VA,38.882334,-77.1710914
Under Armour,4977,-48,-0.96,11350,Apparel,Baltimore,MD,39.2903848,-76.6121893
RPM International,4958,182,3.67,14318,Chemicals,Medina,OH,41.143245,-81.8552196
Total System Services,4928,586,11.89,11800,Financial Data Services,Columbus,GA,32.4609764,-84.9877094
Levi Strauss,4904,281,5.73,13800,Apparel,SF,CA,37.7749295,-122.4194155
Brunswick,4898,146,2.98,15116,Transportation Equipment,Libertyville,IL,42.2333571,-87.9259058
YRC Worldwide,4891,-11,-0.22,32000,"Trucking, Truck Leasing",Overland Park,KS,38.9822282,-94.6707917
Mattel,4882,-1054,-21.59,28000,"Toys, Sporting Goods",El Segundo,CA,33.9191799,-118.4164652
FM Global,4875,254,5.21,5441,Insurance: Property and Casualty (Stock),Johnston,RI,41.8205199,-71.512617
NiSource,4875,129,2.65,8175,Utilities: Gas and Electric,Merrillville,IN,41.4828144,-87.3328139
Caesars Entertainment,4852,-375,-7.73,65000,"Hotels, Casinos, Resorts",Las Vegas,NV,36.1699412,-115.1398296
Electronic Arts,4845,967,19.96,8800,Entertainment,Redwood City,CA,37.4852152,-122.2363548
Dynegy,4842,76,1.57,2489,Energy,Houston,TX,29.7604267,-95.3698028
McCormick,4834,477,9.87,11700,Food Consumer Products,Sparks Glencoe,MD,39.5309389,-76.6458043
T. Rowe Price,4793,1498,31.25,6881,Securities,Baltimore,MD,39.2903848,-76.6121893
Orbital ATK,4764,310,6.51,13900,Aerospace and Defense,Sterling,VA,38.9624899,-77.4380485
Tutor Perini,4757,148,3.11,10061,"Engineering, Construction",Los Angeles,CA,34.3058279,-118.4571974
Brookdale Senior Living,4747,-571,-12.03,62550,Health Care: Medical Facilities,Brentwood,TN,36.0331164,-86.7827772
Huntington Bancshares,4740,1186,25.02,15770,Commercial Banks,Columbus,OH,39.9611755,-82.9987942
Wayfair,4721,-245,-5.19,7751,Internet Services and Retailing,Boston,MA,42.3600825,-71.0588801
Rush Enterprises,4714,172,3.65,6825,"Automotive Retailing, Services",New Braunfels,TX,29.7030024,-98.1244531
Xylem,4707,331,7.03,16200,Industrial Machinery,Rye Brook,NY,41.0192641,-73.6834621
Neiman Marcus Group,4706,-532,-11.3,13700,Specialty Retailers: Apparel,Dallas,TX,32.7766642,-96.7969879
Hyatt Hotels,4685,249,5.31,45000,"Hotels, Casinos, Resorts",Chicago,IL,41.8781136,-87.6297982
Sprouts Farmers Market,4665,158,3.39,27000,Food and Drug Stores,Phoenix,AZ,33.4483771,-112.0740373
Diebold Nixdorf,4609,-233,-5.06,23000,"Computers, Office Equipment",North Canton,OH,40.875891,-81.4023356
Roper Technologies,4608,972,21.09,14236,"Scientific,Photographic and Control Equipment",Sarasota,FL,27.3364347,-82.5306527
Smart & Final Stores,4571,-139,-3.04,7570,Food and Drug Stores,Commerce,CA,34.0005691,-118.1597929
CommScope Holding,4561,194,4.25,20000,Network and Other Communications Equipment,Newton,NC,35.7344538,-81.3444573
Tapestry,4488,591,13.17,12450,Apparel,New York City,NY,40.7127753,-74.0059728
Diplomat Pharmacy,4485,16,0.36,2298,Health Care: Pharmacy and Other Services,Flint,MI,43.0125274,-83.6874562
Chipotle Mexican Grill,4476,176,3.93,68890,Food Services,Denver,CO,39.7392358,-104.990251
Agilent Technologies,4472,684,15.3,13500,"Scientific,Photographic and Control Equipment",Santa Clara,CA,37.3541079,-121.9552356
Science Applications International,4454,179,4.02,15391,Information Technology Services,Reston,VA,38.9586307,-77.3570028
MDU Resources Group,4444,281,6.32,10140,Energy,Bismarck,ND,46.8083268,-100.7837392
Select Medical Holdings,4444,177,3.98,36050,Health Care: Medical Facilities,Mechanicsburg,PA,40.2142565,-77.0085876
Boise Cascade,4432,83,1.87,6370,Wholesalers: Diversified,Boise,ID,43.6150186,-116.2023137
National General Holdings,4431,106,2.39,7570,Insurance: Property and Casualty (Stock),New York,NY,40.7127753,-74.0059728
SCANA,4407,-119,-2.7,5228,Utilities: Gas and Electric,Cayce,SC,33.9657091,-81.0739827
Graphic Packaging Holding,4404,300,6.81,13000,"Packaging, Containers",Atlanta,GA,33.7489954,-84.3879824
Fastenal,4391,579,13.19,20565,Wholesalers: Diversified,Winona,MN,44.0553908,-91.6663523
Schneider National,4384,390,8.9,19600,"Trucking, Truck Leasing",Green Bay,WI,44.5133188,-88.0132958
Laureate Education,4378,92,2.1,54500,Education,Baltimore,MD,39.2903848,-76.6121893
Beacon Roofing Supply,4377,101,2.31,5406,Wholesalers: Diversified,Herndon,VA,38.9695545,-77.3860976
KB Home,4369,181,4.14,1915,Homebuilders,Los Angeles,CA,34.0522342,-118.2436849
Equinix,4368,233,5.33,7273,Real estate,Redwood City,CA,37.4852152,-122.2363548
Terex,4363,129,2.96,10700,Construction and Farm Machinery,Westport,CT,41.1414717,-73.3579049
Crown Castle International,4356,445,10.22,4500,Real estate,Houston,TX,29.7604267,-95.3698028
CACI International,4355,164,3.77,18600,Information Technology Services,Arlington,VA,38.8816208,-77.0909809
Watsco,4342,208,4.79,5200,Wholesalers: Diversified,Miami,FL,25.7616798,-80.1917902
Coca-Cola Bottling,4324,97,2.24,15500,Beverages,Charlotte,NC,35.2270869,-80.8431267
Welltower,4317,523,12.11,392,Real estate,Toledo,OH,41.6528052,-83.5378674
ADT,4316,343,7.95,18000,Diversified Outsourcing Services,Boca Raton,FL,26.3683064,-80.1289321
Ametek,4300,682,15.86,16900,"Scientific,Photographic and Control Equipment",Berwyn,PA,40.045824,-75.4395931
CNO Financial Group,4297,176,4.1,3300,"Insurance: Life, Health (stock)",Carmel,IN,39.978371,-86.1180435
Camping World Holdings,4285,28,0.65,10227,"Automotive Retailing, Services",Lincolnshire,IL,42.1900249,-87.9084039
LPL Financial Holdings,4282,239,5.58,3736,Securities,Boston,MA,42.3600825,-71.0588801
Noble Energy,4256,-1118,-26.27,2277,"Mining, Crude-Oil Production",Houston,TX,29.7604267,-95.3698028
Bloomin Brands,4213,100,2.37,94000,Food Services,Tampa,FL,27.950575,-82.4571776
Moodys,4204,1001,23.81,11896,Financial Data Services,New York,NY,40.7127753,-74.0059728
Symantec,4191,-106,-2.53,13000,Computer Software,Mountain View,CA,37.3860517,-122.0838511
Amkor Technology,4187,261,6.23,29300,Semiconductors and Other Electronic Components,Tempe,AZ,33.4255104,-111.9400054
Skechers U.S.A.,4181,179,4.28,8150,Apparel,Manhattan Beach,CA,33.8847361,-118.4109089
KBR,4171,434,10.41,20000,"Engineering, Construction",Houston,TX,29.7604267,-95.3698028
Tiffany,4170,370,8.87,13100,Specialty Retailers: Other,New York,NY,40.7127753,-74.0059728
Torchmark,4156,1455,35.01,3102,"Insurance: Life, Health (stock)",McKinney,TX,33.1972465,-96.6397822
Broadridge Financial Solutions,4143,327,7.89,10000,Financial Data Services,Lake Success,NY,40.7706572,-73.7176312
Quad/Graphics,4131,107,2.59,21100,"Publishing, Printing",Sussex,WI,43.13418,-88.22294
CF Industries Holdings,4130,358,8.67,2950,Chemicals,Deerfield,IL,42.1711365,-87.8445119
Carlisle,4090,366,8.95,14800,"Building Materials, Glass",Scottsdale,AZ,33.4941704,-111.9260519
Silgan Holdings,4090,270,6.6,12515,"Packaging, Containers",Stamford,CT,41.0534302,-73.5387341
Bemis,4046,94,2.32,16582,"Packaging, Containers",Neenah,WI,44.1858193,-88.462609
CA,4036,775,19.2,11800,Computer Software,New York,NY,40.7127753,-74.0059728
Hub Group,4035,135,3.35,4377,Transportation and Logistics,Oak Brook,IL,41.8397865,-87.9535534
Worldpay,4027,130,3.23,3560,Financial Data Services,Cincinnati,OH,39.2807348,-84.3173878
Ingles Markets,4003,54,1.35,17250,Food and Drug Stores,Black Mountain,NC,35.6178951,-82.3212302
Snap-on,4000,558,13.95,12600,Industrial Machinery,Kenosha,WI,42.5847425,-87.8211854
Dentsply Sirona,3993,-1550,-38.82,16100,Medical Products and Equipment,York,PA,39.9625984,-76.727745
Calumet Specialty Products,3992,-104,-2.61,1600,Petroleum Refining,Indianapolis,IN,39.768403,-86.158068
Global Payments,3975,468,11.77,10000,Financial Data Services,Atlanta,GA,33.7489954,-84.3879824
Encompass Health,3971,256,6.45,30935,Health Care: Medical Facilities,Birmingham,AL,33.5206608,-86.80249
Martin Marietta Materials,3966,713,17.98,8406,"Building Materials, Glass",Raleigh,NC,35.7795897,-78.6381787
Nasdaq,3965,734,18.51,4734,Securities,New York,NY,40.7127753,-74.0059728
Leggett & Platt,3944,293,7.43,22200,"Home Equipment, Furnishings",Carthage,MO,37.176447,-94.3102228
Universal Forest Products,3941,120,3.04,10000,"Building Materials, Glass",Grand Rapids,MI,42.9633599,-85.6680863
Sally Beauty Holdings,3938,215,5.46,21755,Specialty Retailers: Other,Denton,TX,33.2148412,-97.1330683
Flowers Foods,3921,150,3.83,9800,Food Consumer Products,Thomasville,GA,30.8365815,-83.9787808
Barnes & Noble,3895,22,0.56,18592,Specialty Retailers: Other,New York,NY,40.7127753,-74.0059728
American Equity Investment Life,3892,175,4.5,515,"Insurance: Life, Health (stock)",West Des Moines,IA,41.5772115,-93.711332
Vulcan Materials,3890,601,15.45,8287,"Building Materials, Glass",Birmingham,AL,33.5206608,-86.80249
Taylor Morrison Home,3885,91,2.34,1800,Homebuilders,Scottsdale,AZ,33.4941704,-111.9260519
Westinghouse Air Brake,3882,262,6.75,18000,Industrial Machinery,Wilmerding,PA,40.3909023,-79.8100472
Crestwood Equity Partners,3881,-192,-4.95,954,Energy,Houston,TX,29.7604267,-95.3698028
Iron Mountain,3846,184,4.78,24000,Diversified Outsourcing Services,Boston,MA,42.3600825,-71.0588801
Lennox International,3840,306,7.97,11450,Industrial Machinery,Richardson,TX,32.9483335,-96.7298519
General Cable,3837,-57,-1.49,8500,"Electronics, Electrical Equip.",Highland Heights,KY,39.0331169,-84.4518854
American Eagle Outfitters,3796,204,5.37,24100,Specialty Retailers: Apparel,Pittsburgh,PA,40.4406248,-79.9958864
Church & Dwight,3776,743,19.68,4700,Household and Personal Products,Ewing Township,NJ,40.2599864,-74.7909125
Platform Specialty Products,3776,-296,-7.84,7850,Chemicals,West Palm Beach,FL,26.7153424,-80.0533746
JELD-WEN Holding,3764,11,0.29,21000,"Building Materials, Glass",Charlotte,NC,35.2270869,-80.8431267
OneMain Holdings,3756,183,4.87,10100,Diversified Financials,Evansville,IN,37.9715592,-87.5710898
Colfax,3737,151,4.04,14300,Industrial Machinery,Annapolis Junction,MD,39.1202934,-76.7769324
Zebra Technologies,3722,17,0.46,7000,"Electronics, Electrical Equip.",Lincolnshire,IL,42.1900249,-87.9084039
Andersons,3686,43,1.17,1819,Food Production,Maumee,OH,41.5628294,-83.6538244
TD Ameritrade Holding,3685,872,23.66,10412,Securities,Omaha,NE,41.2565369,-95.9345034
Carlyle Group,3676,244,6.64,1600,Securities,Leavenworth,WA,47.7510741,-120.7401385
Hubbell,3669,243,6.62,17700,"Electronics, Electrical Equip.",Shelton,CT,41.3164856,-73.0931641
Trinity Industries,3663,703,19.19,15605,Transportation Equipment,Dallas,TX,32.7766642,-96.7969879
Darling Ingredients,3662,129,3.52,9800,Food Production,Irving,TX,32.8140177,-96.9488945
Flowserve,3661,3,0.08,17000,Industrial Machinery,Irving,TX,32.8140177,-96.9488945
Antero Resources,3656,615,16.82,593,"Mining, Crude-Oil Production",Denver,CO,39.7392358,-104.990251
Skyworks Solutions,3651,1010,27.66,8400,Semiconductors and Other Electronic Components,Woburn,MA,42.4792618,-71.1522765
Landstar System,3649,177,4.85,1273,"Trucking, Truck Leasing",Jacksonville,FL,30.3321838,-81.655651
Buckeye Partners,3648,479,13.13,1870,Pipelines,Houston,TX,29.7604267,-95.3698028
MRC Global,3646,50,1.37,3580,"Oil and Gas Equipment, Services",Houston,TX,29.7604267,-95.3698028
CME Group,3645,4063,111.47,2830,Securities,Chicago,IL,41.8781136,-87.6297982
Greif,3638,119,3.27,13000,"Packaging, Containers",Delaware,OH,40.2986724,-83.067965
Nexeo Solutions,3637,14,0.38,2640,Wholesalers: Diversified,The Woodlands,TX,30.1658207,-95.4612625
Cooper-Standard Holdings,3618,135,3.73,32000,Motor Vehicles and Parts,Novi,MI,42.48059,-83.4754913
Urban Outfitters,3616,108,2.99,16330,Specialty Retailers: Apparel,Philadelphia,PA,39.9525839,-75.1652215
LSC Communications,3603,-57,-1.58,24000,"Publishing, Printing",Chicago,IL,41.8781136,-87.6297982
Sabre,3599,243,6.75,9000,Internet Services and Retailing,Southlake,TX,32.9412363,-97.1341783
Green Plains,3596,61,1.7,1427,Energy,Omaha,NE,41.2565369,-95.9345034
Hexion,3591,-234,-6.52,4300,Chemicals,Columbus,OH,39.9611755,-82.9987942
Stericycle,3581,42,1.17,23200,Waste Management,Lake Forest,IL,42.2586342,-87.840625
Warner Music Group,3576,143,4,4520,Entertainment,New York,NY,40.7127753,-74.0059728
Ventas,3574,1357,37.97,493,Real estate,Chicago,IL,41.8781136,-87.6297982
ScanSource,3568,69,1.93,2000,Wholesalers: Electronics and Office Equipment,Greenville,SC,34.8526176,-82.3940104
Pinnacle West Capital,3565,489,13.72,6292,Utilities: Gas and Electric,Phoenix,AZ,33.4483771,-112.0740373
Scripps Networks Interactive,3562,624,17.52,3600,Entertainment,Knoxville,TN,35.9606384,-83.9207392
Alexion Pharmaceuticals,3551,443,12.48,2525,Pharmaceuticals,New Haven,CT,41.308274,-72.9278835
Pitney Bowes,3550,261,7.35,14700,"Computers, Office Equipment",Stamford,CT,41.0534302,-73.5387341
CIT Group,3545,468,13.2,4167,Commercial Banks,New York,NY,40.7127753,-74.0059728
Country Financial,3542,187,5.28,3834,Insurance: Property and Casualty (Mutual),Bloomington,IL,40.4842027,-88.9936873
CUNA Mutual Group,3541,303,8.56,3300,"Insurance: Life, Health (stock)",Madison,WI,43.0730517,-89.4012302
Triumph Group,3533,-43,-1.22,14309,Aerospace and Defense,Berwyn,PA,40.045824,-75.4395931
TransDigm Group,3529,597,16.92,9200,Aerospace and Defense,Cleveland,OH,41.49932,-81.6943605
Allegheny Technologies,3525,-92,-2.61,8600,Metals,Pittsburgh,PA,40.4406248,-79.9958864
Resolute Forest Products,3513,-84,-2.39,7700,Forest and Paper Products,Catawba,SC,34.8529233,-80.9111862
Acuity Brands,3505,322,9.19,12500,"Electronics, Electrical Equip.",Atlanta,GA,33.7489954,-84.3879824
Abercrombie & Fitch,3493,7,0.2,22500,Specialty Retailers: Apparel,New Albany,OH,40.0811745,-82.8087864
KLA-Tencor,3480,926,26.61,5990,Semiconductors and Other Electronic Components,Milpitas,CA,37.4323341,-121.8995741
Weis Markets,3467,98,2.83,23000,Food and Drug Stores,Sunbury,PA,40.862585,-76.7944104
Puget Energy,3460,175,5.06,3140,Utilities: Gas and Electric,Bellevue,WA,47.6101497,-122.2015159
Mednax,3458,320,9.25,14000,Health Care: Pharmacy and Other Services,Fort Lauderdale,FL,26.1669711,-80.256595
Kar Auction Services,3458,362,10.47,15488,Wholesalers: Diversified,Carmel,IN,39.978371,-86.1180435
PolyOne,3452,-58,-1.68,6400,Chemicals,Avon Lake,OH,41.5053178,-82.0282001
FMC,3442,536,15.57,7000,Chemicals,Philadelphia,PA,39.9525839,-75.1652215
Edwards Lifesciences,3435,584,17,12200,Medical Products and Equipment,Irvine,CA,33.6845673,-117.8265049
Microchip Technology,3426,165,4.82,12656,Semiconductors and Other Electronic Components,Chandler,AZ,33.3061605,-111.8412502
Amerco,3422,398,11.63,20376,"Trucking, Truck Leasing",Reno,NV,39.5296329,-119.8138027
Mercury General,3416,145,4.24,4300,Insurance: Property and Casualty (Stock),Los Angeles,CA,34.0522342,-118.2436849
American National Insurance,3411,494,14.48,4621,"Insurance: Life, Health (stock)",Galveston,TX,29.3013479,-94.7976958
Carters,3400,303,8.91,20900,Apparel,Atlanta,GA,33.7489954,-84.3879824
International Flavors & Fragrances,3399,296,8.71,7300,Chemicals,New York,NY,40.7127753,-74.0059728
Aarons,3384,293,8.66,11900,Specialty Retailers: Other,Atlanta,GA,33.7489954,-84.3879824
Alliant Energy,3382,457,13.51,3989,Utilities: Gas and Electric,Madison,WI,43.0730517,-89.4012302
EQT,3378,1509,44.67,2067,Energy,Pittsburgh,PA,40.4406248,-79.9958864
Monster Beverage,3369,821,24.37,2589,Beverages,Corona,CA,33.8752935,-117.5664384
BMC Stock Holdings,3366,57,1.69,9100,Wholesalers: Diversified,Atlanta,GA,33.7489954,-84.3879824
Ryerson Holding,3365,17,0.51,3600,Metals,Chicago,IL,41.8781136,-87.6297982
Equifax,3362,587,17.46,10300,Financial Data Services,Atlanta,GA,33.7489954,-84.3879824
Regal Beloit,3360,213,6.34,23600,"Electronics, Electrical Equip.",Beloit,WI,42.5083482,-89.0317765
Old Dominion Freight Line,3358,464,13.82,19183,"Trucking, Truck Leasing",Thomasville,NC,35.8826369,-80.0819879
American Water Works,3357,426,12.69,6900,Miscellaneous,Voorhees Township,NJ,39.8519447,-74.961517
BGC Partners,3353,52,1.55,9238,Securities,New York,NY,40.7127753,-74.0059728
Brinks,3347,17,0.51,62150,Diversified Outsourcing Services,Richmond,VA,37.5407246,-77.4360481
Meritor,3347,17,0.51,62150,Diversified Outsourcing Services,Richmond,VA,37.5407246,-77.4360481
Sentry Insurance Group,3346,289,8.64,4139,Insurance: Property and Casualty (Mutual),Stevens Point,WI,44.5235792,-89.574563
Sanderson Farms,3342,280,8.38,14669,Food Production,Laurel,MS,31.6940509,-89.1306124
KapStone Paper & Packaging,3316,244,7.36,6400,"Packaging, Containers",Northbrook,IL,42.1275267,-87.8289548
Gartner,3312,3,0.09,15131,Information Technology Services,Stamford,CT,41.0534302,-73.5387341
IAC/InterActiveCorp,3307,305,9.22,7000,Internet Services and Retailing,New York City,NY,40.7127753,-74.0059728
Tailored Brands,3304,97,2.94,18200,Specialty Retailers: Apparel,Houston,TX,29.7604267,-95.3698028
WABCO Holdings,3304,406,12.29,14631,Motor Vehicles and Parts,Rochester Hills,MI,42.6583661,-83.1499322
Insperity,3300,84,2.55,2900,Diversified Outsourcing Services,Houston,TX,30.0575359,-95.1902986
Comerica,3289,743,22.59,7999,Commercial Banks,Dallas,TX,32.7766642,-96.7969879
TriNet Group,3275,178,5.44,2700,Diversified Outsourcing Services,San Leandro,CA,37.7249296,-122.1560768
Ashland Global Holdings,3260,1,0.03,6500,Chemicals,Covington,KY,39.0836712,-84.5085536
Meritage Homes,3241,143,4.41,1605,Homebuilders,Scottsdale,AZ,33.4941704,-111.9260519
SkyWest,3204,429,13.39,16300,Airlines,St. George,UT,37.0965278,-113.5684164
USG,3204,88,2.75,6800,"Building Materials, Glass",Chicago,IL,41.8781136,-87.6297982
Southwestern Energy,3203,1046,32.66,1575,"Mining, Crude-Oil Production",Spring,TX,30.0799405,-95.4171601
Keysight Technologies,3189,102,3.2,12600,"Scientific,Photographic and Control Equipment",Santa Rosa,CA,38.440429,-122.7140548
Regal Entertainment Group,3163,112,3.54,26047,Entertainment,Knoxville,TN,35.9606384,-83.9207392
Mutual of America Life Insurance,3163,26,0.82,1079,"Insurance: Life, Health (Mutual)",New York,NY,40.7127753,-74.0059728
Paychex,3151,817,25.93,13700,Diversified Outsourcing Services,Rochester,NY,43.1565779,-77.6088465
Brinker International,3151,151,4.79,57906,Food Services,Dallas,TX,32.7766642,-96.7969879
Penn National Gaming,3148,474,15.06,18754,"Hotels, Casinos, Resorts",Wyomissing,PA,40.329537,-75.9652117
Gannett,3147,7,0.22,19000,"Publishing, Printing",McLean,VA,38.9338676,-77.1772604
Visteon,3146,176,5.59,10000,Motor Vehicles and Parts,Van Buren Charter Township,MI,42.2203171,-83.4838244
Pinnacle Foods,3144,532,16.92,4900,Food Consumer Products,Parsippany-Troy Hills,NJ,40.8652865,-74.4173877
Intuitive Surgical,3129,660,21.09,4444,Medical Products and Equipment,Sunnyvale,CA,37.36883,-122.0363496
Continental Resources,3121,789,25.28,1127,"Mining, Crude-Oil Production",Oklahoma City,OK,35.4675602,-97.5164276
Service Corp. International,3095,547,17.67,19468,Miscellaneous,Houston,TX,29.7604267,-95.3698028
Scientific Games,3084,-242,-7.85,8600,"Hotels, Casinos, Resorts",Las Vegas,NV,36.1699412,-115.1398296
Albemarle,3072,55,1.79,5400,Chemicals,Charlotte,NC,35.2270869,-80.8431267
Atmos Energy,3063,396,12.93,4565,Utilities: Gas and Electric,Dallas,TX,32.7766642,-96.7969879
Hologic,3059,756,24.71,6233,Medical Products and Equipment,Marlboro,MA,42.3459271,-71.5522874
H& R Block,3036,409,13.47,44900,Diversified Financials,KCMO,MO,39.0997265,-94.5785667
Qorvo,3033,-17,-0.56,8600,Semiconductors and Other Electronic Components,Greensboro,NC,36.0726354,-79.7919754
Steelcase,3032,125,4.12,12650,"Home Equipment, Furnishings",Grand Rapids,MI,42.9633599,-85.6680863
Univision Communications,3016,655,21.72,4500,Entertainment,New York,NY,40.7127753,-74.0059728
Worthington Industries,3014,205,6.8,10000,Metals,Columbus,OH,39.9611755,-82.9987942
Timken,3004,203,6.76,15006,Industrial Machinery,North Canton,OH,40.875891,-81.4023356
A.O. Smith,2997,297,9.91,16100,"Electronics, Electrical Equip.",Milwaukee,WI,43.0389025,-87.9064736
PriceSmart,2997,91,3.04,7903,General Merchandisers,San Diego,CA,32.715738,-117.1610838
Stifel Financial,2997,183,6.11,7100,Securities,St. Louis,MO,38.6270025,-90.1994042
Brown-Forman,2994,669,22.34,4570,Beverages,Louisville,KY,38.2526647,-85.7584557
Cinemark Holdings,2992,264,8.82,19915,Entertainment,Plano,TX,33.0198431,-96.6988856
Granite Construction,2990,69,2.31,3600,"Engineering, Construction",Watsonville,CA,36.910231,-121.7568946
Dycom Industries,2978,151,5.07,14365,"Engineering, Construction",Palm Beach Gardens,FL,26.8233946,-80.1386547
Clean Harbors,2945,101,3.43,12700,Waste Management,Norwell,MA,42.1615157,-70.7927832
First Solar,2941,-166,-5.64,4100,Energy,Tempe,AZ,33.4255104,-111.9400054
Scotts Miracle-Gro,2936,218,7.43,4700,Chemicals,Marysville,OH,40.2364486,-83.3671432
Cracker Barrel Old Country Store,2926,202,6.9,73000,Food Services,Lebanon,TN,36.2081098,-86.2911024
Triple-S Management,2916,55,1.89,3517,Health Care: Insurance and Managed Care,San Juan,Puerto Rico,18.4655394,-66.1057355
First Republic Bank,2912,758,26.03,4025,Commercial Banks,SF,CA,37.7749295,-122.4194155
ServiceMaster Global Holdings,2912,510,17.51,13000,Diversified Outsourcing Services,Memphis,TN,35.1495343,-90.0489801
PC Connection,2912,55,1.89,2505,Specialty Retailers: Other,Merrimack,NH,42.8678693,-71.4948322
Genesco,2907,-112,-3.85,19350,Specialty Retailers: Apparel,Nashville,TN,36.1626638,-86.7816016
Medical Mutual of Ohio,2895,8,0.28,2244,"Insurance: Life, Health (Mutual)",Cleveland,OH,41.49932,-81.6943605
MSC Industrial Direct,2888,231,8,6563,Wholesalers: Diversified,Melville,NY,40.7934322,-73.4151214
Legg Mason,2887,227,7.86,3338,Securities,Baltimore,MD,39.2903848,-76.6121893
Hyster-Yale Materials Handling,2885,49,1.7,6800,Industrial Machinery,Cleveland,OH,41.49932,-81.6943605
Apollo Global Management,2884,629,21.81,1047,Securities,New York,NY,40.7127753,-74.0059728
Citrix Systems,2883,-21,-0.73,7500,Computer Software,Fort Lauderdale,FL,26.1224386,-80.1373174
Acadia Healthcare,2877,200,6.95,34050,Health Care: Medical Facilities,Franklin,TN,35.9250637,-86.8688899
Varian Medical Systems,2862,250,8.74,6600,Medical Products and Equipment,Palo Alto,CA,37.4418834,-122.1430195
Groupon,2859,14,0.49,6672,Internet Services and Retailing,Chicago,IL,41.8781136,-87.6297982
Aleris,2858,-211,-7.38,5400,Metals,Cleveland,OH,41.49932,-81.6943605
Sprague Resources,2855,30,1.05,981,Wholesalers: Diversified,Portsmouth,NH,43.0717552,-70.7625532
Cooper Tire & Rubber,2855,95,3.33,9204,Motor Vehicles and Parts,Findlay,OH,41.04422,-83.6499321
Hain Celestial Group,2853,67,2.35,7825,Food Consumer Products,Lake Success,NY,40.7706572,-73.7176312
Penn Mutual Life Insurance,2851,594,20.83,3089,"Insurance: Life, Health (stock)",Horsham,PA,40.1784422,-75.1285061
Colony NorthStar,2842,-198,-6.97,544,Real estate,Los Angeles,CA,34.0522342,-118.2436849
ArcBest,2827,60,2.12,13000,"Trucking, Truck Leasing",Fort Smith,AR,35.3859242,-94.3985475
Presidio,2818,4,0.14,2700,Information Technology Services,New York,NY,40.7127753,-74.0059728
TRI Pointe Group,2810,187,6.65,1251,Homebuilders,Irvine,CA,33.6845673,-117.8265049
Annaly Capital Management,2809,1570,55.89,152,Diversified Financials,New York,NY,40.7127753,-74.0059728
G-III Apparel Group,2807,62,2.21,9961,Apparel,New York,NY,40.7127753,-74.0059728
AMC Networks,2806,471,16.79,2039,Entertainment,New York,NY,40.7127753,-74.0059728
Enable Midstream Partners,2803,436,15.55,1630,Pipelines,Oklahoma City,OK,35.4675602,-97.5164276
Ciena,2802,1262,45.04,5737,Network and Other Communications Equipment,Hanover,MD,39.1955042,-76.7228227
DSW,2800,67,2.39,12000,Specialty Retailers: Apparel,Columbus,OH,39.9611755,-82.9987942
Convergys,2792,121,4.33,115000,Diversified Outsourcing Services,Cincinnati,OH,39.1031182,-84.5120196
Park Hotels & Resorts,2791,2625,94.05,520,Real estate,McLean,VA,38.9338676,-77.1772604
Pool,2788,192,6.89,4000,Wholesalers: Diversified,Covington,LA,30.4754702,-90.1009108
Fossil Group,2788,-478,-17.14,12300,Apparel,Richardson,TX,32.9483335,-96.7298519
Dominos Pizza,2788,278,9.97,14200,Food Services,Ann Arbor,MI,42.2808256,-83.7430378
Crane,2786,172,6.17,10600,Industrial Machinery,Stamford,CT,41.0534302,-73.5387341
Caleres,2786,87,3.12,12000,Specialty Retailers: Apparel,St. Louis,MO,38.6270025,-90.1994042
Tempur Sealy International,2754,151,5.48,7000,"Home Equipment, Furnishings",Lexington,KY,38.0405837,-84.5037164
Tetra Tech,2753,118,4.29,16000,"Engineering, Construction",Pasadena,CA,34.1477849,-118.1445155
Illumina,2752,726,26.38,6200,"Scientific,Photographic and Control Equipment",San Diego,CA,32.715738,-117.1610838
Valmont Industries,2746,116,4.22,10690,Metals,Omaha,NE,41.2565369,-95.9345034
Hill-Rom Holdings,2744,134,4.88,10000,Medical Products and Equipment,Chicago,IL,41.8781136,-87.6297982
Unisys,2742,-65,-2.37,20500,Information Technology Services,Blue Bell,PA,40.1523309,-75.266289
Zions Bancorp.,2736,592,21.64,10083,Commercial Banks,Salt Lake City,UT,40.7607793,-111.8910474
Sinclair Broadcast Group,2734,576,21.07,8900,Entertainment,Cockeysville,MD,39.4900013,-76.6585074
Louisiana-Pacific,2734,390,14.26,5000,"Building Materials, Glass",Nashville,TN,36.1626638,-86.7816016
Mettler-Toledo International,2725,376,13.8,14600,"Scientific,Photographic and Control Equipment",Columbus,OH,39.9611755,-82.9987942
Synopsys,2725,137,5.03,11686,Computer Software,Mountain View,CA,37.3860517,-122.0838511
Kemper,2723,121,4.44,5550,Insurance: Property and Casualty (Stock),Chicago,IL,41.8781136,-87.6297982
Cabot,2717,241,8.87,4500,Chemicals,Boston,MA,42.3600825,-71.0588801
Great Plains Energy,2708,-106,-3.91,2709,Utilities: Gas and Electric,KCMO,MO,39.0997265,-94.5785667
Rent-A-Center,2703,7,0.26,18300,Specialty Retailers: Other,Plano,TX,33.0198431,-96.6988856
Hawaiian Holdings,2696,364,13.5,6660,Airlines,Honolulu,HI,21.3069444,-157.8583333
Revlon,2694,-183,-6.79,7800,Household and Personal Products,New York,NY,40.7127753,-74.0059728
Syneos Health,2672,-139,-5.2,21000,Health Care: Pharmacy and Other Services,Raleigh,NC,35.7795897,-78.6381787
Public Storage,2669,1442,54.03,5600,Real estate,Glendale,CA,34.1425078,-118.255075
TTM Technologies,2659,124,4.66,29000,Semiconductors and Other Electronic Components,Costa Mesa,CA,33.6412156,-117.9188221
Vectren,2657,216,8.13,5500,Utilities: Gas and Electric,Evansville,IN,37.9715592,-87.5710898
Trimble,2654,121,4.56,9523,"Scientific,Photographic and Control Equipment",Sunnyvale,CA,37.36883,-122.0363496
NOW,2648,-52,-1.96,4463,Wholesalers: Diversified,Houston,TX,29.7604267,-95.3698028
Spirit Airlines,2648,421,15.9,6100,Airlines,Miramar,FL,25.9860762,-80.3035602
ASGN,2626,158,6.02,3800,Temporary Help,Calabasas,CA,34.1367208,-118.6614809
Lincoln Electric Holdings,2624,248,9.45,11000,Industrial Machinery,Cleveland,OH,41.49932,-81.6943605
Prologis,2618,1652,63.1,1565,Real estate,SF,CA,37.7749295,-122.4194155
Range Resources,2611,333,12.75,773,"Mining, Crude-Oil Production",Fort Worth,TX,32.7554883,-97.3307658
Teledyne Technologies,2604,227,8.72,10340,Aerospace and Defense,Thousand Oaks,CA,34.1705609,-118.8375937
Vishay Intertechnology,2604,-20,-0.77,23000,Semiconductors and Other Electronic Components,Malvern,PA,40.0362184,-75.5138118
Boston Properties,2602,462,17.76,740,Real estate,Boston,MA,42.3600825,-71.0588801
Applied Industrial Technologies,2594,134,5.17,5554,Wholesalers: Diversified,Cleveland,OH,41.49932,-81.6943605
Graham Holdings,2592,302,11.65,16153,Education,Arlington,VA,38.8816208,-77.0909809
Amica Mutual Insurance,2590,96,3.71,3693,Insurance: Property and Casualty (Mutual),Lincoln,RI,41.9110123,-71.4418101
Concho Resources,2586,956,36.97,1203,"Mining, Crude-Oil Production",Midland,TX,31.9973456,-102.0779146
ITT,2585,114,4.41,10000,Industrial Machinery,White Plains,NY,41.0339862,-73.7629097
Kansas City Southern,2583,962,37.24,7130,Railroads,KCMO,MO,39.0997265,-94.5785667
MDC Holdings,2578,142,5.51,1491,Homebuilders,Denver,CO,39.7392358,-104.990251
Evergy,2571,324,12.6,2205,Utilities: Gas and Electric,Topeka,KS,39.0473451,-95.6751576
Pinnacle Entertainment,2562,63,2.46,15377,"Hotels, Casinos, Resorts",Las Vegas,NV,36.1699412,-115.1398296
Hawaiian Electric Industries,2556,165,6.46,3880,Utilities: Gas and Electric,Honolulu,HI,21.3069444,-157.8583333
TEGNA,2550,274,10.75,5283,Entertainment,McLean,VA,38.9338676,-77.1772604
Southwest Gas Holdings,2549,194,7.61,7771,Utilities: Gas and Electric,Las Vegas,NV,36.1699412,-115.1398296
Vista Outdoor,2547,-275,-10.8,6400,Miscellaneous,Farmington,UT,40.9804999,-111.8874392
Bon-Ton Stores,2541,-91,-3.58,23300,General Merchandisers,York,PA,39.9625984,-76.727745
Super Micro Computer,2530,69,2.73,2699,"Computers, Office Equipment",San Jose,CA,37.3382082,-121.8863286
Plexus,2528,112,4.43,16000,Semiconductors and Other Electronic Components,Neenah,WI,44.1858193,-88.462609
TrueBlue,2509,56,2.23,5500,Temporary Help,Tacoma,WA,47.2528768,-122.4442906
Magellan Midstream Partners,2508,870,34.69,1802,Pipelines,Tulsa,OK,36.1539816,-95.992775
Toro,2505,268,10.7,6779,Construction and Farm Machinery,Bloomington,MN,44.840798,-93.2982799
Akamai Technologies,2503,218,8.71,7650,Internet Services and Retailing,Cambridge,MA,42.3736158,-71.1097335
Moog,2498,141,5.64,10675,Aerospace and Defense,Elma Center,NY,42.8212288,-78.6341996
Vertex Pharmaceuticals,2489,264,10.61,2300,Pharmaceuticals,Boston,MA,42.3600825,-71.0588801
Equity Residential,2471,604,24.44,2683,Real estate,Chicago,IL,41.8781136,-87.6297982
Selective Insurance Group,2470,169,6.84,2260,Insurance: Property and Casualty (Stock),Branchville,NJ,41.1464852,-74.7523874
AptarGroup,2469,220,8.91,13200,"Packaging, Containers",Crystal Lake,IL,42.2411344,-88.3161965
Benchmark Electronics,2467,-32,-1.3,10600,Semiconductors and Other Electronic Components,Scottsdale,AZ,33.4941704,-111.9260519
Columbia Sportswear,2466,105,4.26,6188,Apparel,Portland,OR,45.5122308,-122.6587185
A. Schulman,2461,33,1.34,4900,Chemicals,Fairlawn,OH,41.127833,-81.609844
Verso,2461,-30,-1.22,4200,Forest and Paper Products,Miamisburg,OH,39.6428362,-84.2866083
Digital Realty Trust,2458,248,10.09,1429,Real estate,SF,CA,37.7749295,-122.4194155
GNC Holdings,2453,-149,-6.07,11500,Food and Drug Stores,Pittsburgh,PA,40.4406248,-79.9958864
E*Trade Financial,2452,614,25.04,3607,Securities,New York,NY,40.7127753,-74.0059728
Hovnanian Enterprises,2452,-332,-13.54,1905,Homebuilders,Red Bank,NJ,40.3470543,-74.0643065
Maximus,2451,209,8.53,20400,Information Technology Services,Reston,VA,38.9586307,-77.3570028
Twitter,2443,-108,-4.42,3372,Internet Services and Retailing,SF,CA,37.7749295,-122.4194155
Par Pacific Holdings,2443,73,2.99,905,Petroleum Refining,Houston,TX,29.7604267,-95.3698028
Parexel International,2442,107,4.38,18900,Health Care: Pharmacy and Other Services,Waltham,MA,42.3764852,-71.2356113
RH,2440,2,0.08,4750,Specialty Retailers: Other,Corte Madera,CA,37.9254806,-122.5274755
Nexstar Media Group,2432,475,19.53,8737,Entertainment,Irving,TX,32.8140177,-96.9488945
Knight-Swift Transportation Holdings,2426,484,19.95,25300,"Trucking, Truck Leasing",Phoenix,AZ,33.4483771,-112.0740373
Red Hat,2412,254,10.53,10500,Computer Software,Raleigh,NC,35.7795897,-78.6381787
Belden,2389,93,3.89,8800,"Electronics, Electrical Equip.",St. Louis,MO,38.6270025,-90.1994042
Boyd Gaming,2384,189,7.93,19707,"Hotels, Casinos, Resorts",Las Vegas,NV,36.1699412,-115.1398296
Primoris Services,2380,72,3.03,7102,"Engineering, Construction",Dallas,TX,32.7766642,-96.7969879
Gardner Denver,2375,18,0.76,6400,Industrial Machinery,Milwaukee,WI,43.0389025,-87.9064736
Donaldson,2372,233,9.82,13200,Industrial Machinery,Minneapolis,MN,44.977753,-93.2650108
Party City Holdco,2372,215,9.06,14600,Specialty Retailers: Other,Elmsford,NY,41.0550969,-73.8201337
J.Crew Group,2370,-125,-5.27,8950,Specialty Retailers: Apparel,New York,NY,40.7127753,-74.0059728
EnerSys,2367,160,6.76,9400,"Electronics, Electrical Equip.",Reading,PA,40.3356483,-75.9268747
Guess,2364,-8,-0.34,14700,Specialty Retailers: Apparel,Los Angeles,CA,34.0522342,-118.2436849
Patterson-UTI Energy,2357,6,0.25,8000,"Oil and Gas Equipment, Services",Houston,TX,29.7604267,-95.3698028
WGL Holdings,2355,193,8.2,1586,Energy,Leavenworth,WA,47.7510741,-120.7401385
Wolverine World Wide,2350,0,0,3700,Apparel,Rockford,MI,43.1200272,-85.5600316
Xilinx,2349,623,26.52,3831,Semiconductors and Other Electronic Components,San Jose,CA,37.3382082,-121.8863286
Vornado Realty Trust,2345,227,9.68,3989,Real estate,New York,NY,40.7127753,-74.0059728
Middleby,2336,298,12.76,8493,Industrial Machinery,Elgin,IL,42.0354084,-88.2825668
MPM Holdings,2331,0,0,5200,Chemicals,Waterford,NY,42.7925777,-73.6812293
Cleveland-Cliffs,2330,367,15.75,2938,"Mining, Crude-Oil Production",Cleveland,OH,41.49932,-81.6943605
GGP,2328,657,28.22,1700,Real estate,Chicago,IL,41.8781136,-87.6297982
Cypress Semiconductor,2328,-81,-3.48,6099,Semiconductors and Other Electronic Components,San Jose,CA,37.3382082,-121.8863286
Arch Coal,2325,239,10.28,3790,"Mining, Crude-Oil Production",St. Louis,MO,38.6270025,-90.1994042
GMS,2319,49,2.11,4464,Wholesalers: Diversified,Tucker,GA,33.8545479,-84.2171424
Waters,2309,20,0.87,7000,"Scientific,Photographic and Control Equipment",Milford,MA,42.1398577,-71.5163049
H.B. Fuller,2306,58,2.52,5965,Chemicals,St Paul,MN,44.9537029,-93.0899578
Affiliated Managers Group,2305,690,29.93,4400,Securities,West Palm Beach,FL,26.7153424,-80.0533746
PerkinElmer,2301,293,12.73,11000,"Scientific,Photographic and Control Equipment",Waltham,MA,42.3764852,-71.2356113
Edgewell Personal Care,2298,6,0.26,6000,Household and Personal Products,Chesterfield,MO,38.6631083,-90.5770675
Maxim Integrated Products,2296,572,24.91,7040,Semiconductors and Other Electronic Components,San Jose,CA,37.3382082,-121.8863286
Knights of Columbus,2290,108,4.72,926,"Insurance: Life, Health (Mutual)",New Haven,CT,41.308274,-72.9278835
IDEX,2287,337,14.74,7167,Industrial Machinery,Lake Forest,IL,42.2586342,-87.840625
DST Systems,2284,452,19.79,14200,Financial Data Services,KCMO,MO,39.0997265,-94.5785667
Chicos FAS,2282,101,4.43,12350,Specialty Retailers: Apparel,Fort Myers,FL,26.640628,-81.8723084
Nu Skin Enterprises,2279,129,5.66,48700,Household and Personal Products,Provo,UT,40.2338438,-111.6585337
Herman Miller,2278,124,5.44,7478,"Home Equipment, Furnishings",Zeeland,MI,42.8125246,-86.018651
NLV Financial,2275,260,11.43,1065,"Insurance: Life, Health (stock)",Montpelier,VT,44.2600593,-72.5753869
Curtiss-Wright,2271,215,9.47,8600,Aerospace and Defense,Charlotte,NC,35.2270869,-80.8431267
New Jersey Resources,2269,132,5.82,1052,Energy,Wall Township,NJ,40.1606666,-74.0679753
REV Group,2268,31,1.37,7800,Motor Vehicles and Parts,Milwaukee,WI,43.0389025,-87.9064736
Mueller Industries,2266,86,3.8,4125,Industrial Machinery,Memphis,TN,35.1495343,-90.0489801
GEO Group,2263,146,6.45,18512,Miscellaneous,Boca Raton,FL,26.3683064,-80.1289321
Allison Transmission Holdings,2262,504,22.28,2700,Motor Vehicles and Parts,Indianapolis,IN,39.768403,-86.158068
OGE Energy,2261,619,27.38,2413,Utilities: Gas and Electric,Oklahoma City,OK,35.4675602,-97.5164276
Cheesecake Factory,2261,157,6.94,39100,Food Services,Calabasas,CA,34.1372953,-118.6541895
PRA Health Sciences,2259,87,3.85,15800,"Scientific,Photographic and Control Equipment",Raleigh,NC,35.7795897,-78.6381787
Tupperware Brands,2256,-265,-11.75,12000,Household and Personal Products,Orlando,FL,28.5383355,-81.3792365
Euronet Worldwide,2252,157,6.97,6600,Financial Data Services,Leawood,KS,38.966673,-94.6169012
FLEETCOR Technologies,2250,740,32.89,7890,Financial Data Services,Norcross,GA,33.969864,-84.2212938
Nationstar Mortgage Holdings,2247,30,1.34,7600,Diversified Financials,Coppell,TX,32.9545687,-97.0150078
GoDaddy,2232,136,6.09,5990,Internet Services and Retailing,Scottsdale,AZ,33.4941704,-111.9260519
Blackhawk Network Holdings,2232,-156,-6.99,3190,Financial Data Services,Pleasanton,CA,37.6624312,-121.8746789
Cboe Global Markets,2229,402,18.03,889,Securities,Chicago,IL,41.8781136,-87.6297982
Snyders-Lance,2227,149,6.69,5900,Food Consumer Products,Charlotte,NC,35.2270869,-80.8431267
Murphy Oil,2226,-312,-14.02,1128,"Mining, Crude-Oil Production",El Dorado,AR,33.20763,-92.6662674
CDK Global,2220,296,13.33,8900,Computer Software,Hoffman Estates,IL,42.0629915,-88.1227199
Texas Roadhouse,2220,132,5.95,29524,Food Services,Louisville,KY,38.2526647,-85.7584557
Kirby,2214,313,14.14,5775,Shipping,Houston,TX,29.7604267,-95.3698028
Square,2214,-63,-2.85,2338,Financial Data Services,SF,CA,37.7749295,-122.4194155
Genesee & Wyoming,2208,549,24.86,8000,Railroads,Darien,CT,41.0771914,-73.4686858
Zayo Group Holdings,2200,86,3.91,3794,Telecommunications,Boulder,CO,40.0149856,-105.2705456
NewMarket,2198,191,8.69,2223,Chemicals,Richmond,VA,37.5407246,-77.4360481
99 Cents Only Stores,2194,-90,-4.1,17200,Specialty Retailers: Other,Commerce,CA,34.0005691,-118.1597929
PCM,2193,3,0.14,4118,Wholesalers: Electronics and Office Equipment,El Segundo,CA,33.9191799,-118.4164652
Federated Mutual Insurance,2181,218,10,2388,Insurance: Property and Casualty (Mutual),Owatonna,MN,44.0855572,-93.2259349
HNI,2176,90,4.14,9350,"Home Equipment, Furnishings",Muscatine,IA,41.424473,-91.0432051
Hospitality Properties Trust,2172,215,9.9,450,Real estate,Newton,MA,42.3370413,-71.2092214
Greenbrier Cos.,2169,116,5.35,11917,Transportation Equipment,Lake Oswego,OR,45.4156817,-122.7159726
Bio-Rad Laboratories,2160,122,5.65,8150,"Scientific,Photographic and Control Equipment",Hercules,CA,38.0171441,-122.2885808
AvalonBay Communities,2159,877,40.62,3123,Real estate,Arlington,VA,38.8816208,-77.0909809
Renewable Energy Group,2158,-79,-3.66,853,Energy,Ames,IA,42.0307812,-93.6319131
Atlas Air Worldwide Holdings,2157,224,10.38,2870,Transportation and Logistics,Harrison,NY,41.0400135,-73.7144477
Teradata,2156,-67,-3.11,10615,Information Technology Services,Dayton,OH,39.7589478,-84.1916069
LCI Industries,2148,133,6.19,9852,Motor Vehicles and Parts,Elkhart,IN,41.6819935,-85.9766671
Teleflex,2146,153,7.13,14400,Medical Products and Equipment,Wayne,PA,40.0415996,-75.3698895
Verisk Analytics,2145,555,25.87,7192,Financial Data Services,Jersey City,NJ,40.7281575,-74.0776417
Popular,2145,108,5.03,7784,Commercial Banks,Hato Rey,Puerto Rico,18.4225782,-66.0509549
Workday,2143,-321,-14.98,8200,Computer Software,Pleasanton,CA,37.6624312,-121.8746789
Cooper Cos.,2139,373,17.44,11800,Medical Products and Equipment,Pleasanton,CA,37.6624312,-121.8746789
Express,2138,19,0.89,9576,Specialty Retailers: Apparel,Columbus,OH,39.9611755,-82.9987942
Teradyne,2137,258,12.07,4500,Semiconductors and Other Electronic Components,North Reading,MA,42.5750939,-71.0786653
Werner Enterprises,2117,203,9.59,12154,"Trucking, Truck Leasing",Omaha,NE,41.2565369,-95.9345034
Oaktree Capital Group,2100,232,11.05,930,Securities,Los Angeles,CA,34.0522342,-118.2436849
Woodward,2099,201,9.58,6829,Aerospace and Defense,Fort Collins,CO,40.5852602,-105.084423
F5 Networks,2090,421,20.14,4366,Network and Other Communications Equipment,Seattle,WA,47.6062095,-122.3320708
Valvoline,2084,304,14.59,5600,Chemicals,Lexington,KY,38.0405837,-84.5037164
Roadrunner Transportation Systems,2082,-107,-5.14,4645,"Trucking, Truck Leasing",Downers Grove,IL,41.8089191,-88.0111746
SemGroup,2082,-17,-0.82,1220,Pipelines,Tulsa,OK,36.1539816,-95.992775
Catalent,2075,110,5.3,10800,Pharmaceuticals,Franklin Township,NJ,40.497604,-74.4884868
Quorum Health,2072,-114,-5.5,11250,Health Care: Medical Facilities,Brentwood,TN,36.0331164,-86.7827772
Universal,2071,106,5.12,24000,Tobacco,Richmond,VA,37.5407246,-77.4360481
Nordson,2067,296,14.32,7532,Industrial Machinery,Westlake,OH,41.4553232,-81.9179173
ResMed,2067,342,16.55,6080,Medical Products and Equipment,San Diego,CA,32.715738,-117.1610838
Tower International,2066,48,2.32,7600,Motor Vehicles and Parts,Livonia,MI,42.36837,-83.3527097
Freds,2064,-140,-6.78,7324,Food and Drug Stores,Memphis,TN,35.1495343,-90.0489801
Foundation Building Materials,2061,83,4.03,3782,Wholesalers: Diversified,Tustin,CA,33.7420005,-117.8236391
Kennametal,2058,49,2.38,10744,Industrial Machinery,Pittsburgh,PA,40.4406248,-79.9958864
Autodesk,2057,-567,-27.56,8800,Computer Software,San Rafael,CA,37.9735346,-122.5310874
Ply Gem Holdings,2056,68,3.31,9471,"Building Materials, Glass",Cary,NC,35.79154,-78.7811169
Central Garden & Pet,2055,79,3.84,4050,Household and Personal Products,Walnut Creek,CA,37.9100783,-122.0651819
Matson,2047,232,11.33,1947,Shipping,Honolulu,HI,21.3069444,-157.8583333
EchoStar,2039,393,19.27,2100,Network and Other Communications Equipment,Englewood,CO,39.6477653,-104.9877597
Genesis Energy,2028,83,4.09,2100,Pipelines,Houston,TX,29.7604267,-95.3698028
SVB Financial Group,2022,491,24.28,2438,Commercial Banks,Santa Clara,CA,37.3541079,-121.9552356
Itron,2018,57,2.82,7150,"Electronics, Electrical Equip.",Liberty Lake,WA,47.6743428,-117.1124241
Portland General Electric,2009,187,9.31,2906,Utilities: Gas and Electric,Portland,OR,45.5122308,-122.6587185
California Resources,2006,-266,-13.26,1450,"Mining, Crude-Oil Production",Los Angeles,CA,34.0522342,-118.2436849
Esterline Technologies,2005,112,5.59,13255,Aerospace and Defense,Bellevue,WA,47.6101497,-122.2015159
Delta Tucker Holdings,2004,31,1.55,8800,Aerospace and Defense,McLean,VA,38.9338676,-77.1772604
AMN Healthcare Services,1989,133,6.69,2980,Health Care: Pharmacy and Other Services,San Diego,CA,32.715738,-117.1610838
Griffon,1986,15,0.76,4700,"Building Materials, Glass",New York,NY,40.7127753,-74.0059728
Valhi,1980,208,10.51,2790,Chemicals,Dallas,TX,32.7766642,-96.7969879
Hexcel,1973,284,14.39,6259,Aerospace and Defense,Stamford,CT,41.0534302,-73.5387341
IDEXX Laboratories,1969,263,13.36,7600,Medical Products and Equipment,Westbrook,ME,43.6770252,-70.3711617
Deluxe,1966,230,11.7,5886,"Publishing, Printing",Shoreview,MN,45.0791325,-93.1471667
M/I Homes,1962,72,3.67,1238,Homebuilders,Columbus,OH,39.9611755,-82.9987942
Kraton,1960,98,5,1931,Chemicals,Houston,TX,29.7604267,-95.3698028
Stewart Information Services,1956,49,2.51,5960,Insurance: Property and Casualty (Stock),Houston,TX,29.7604267,-95.3698028
Marriott Vacations Worldwide,1952,227,11.63,11000,"Hotels, Casinos, Resorts",Orlando,FL,28.5383355,-81.3792365
SPX FLOW,1952,46,2.36,7000,Industrial Machinery,Charlotte,NC,35.2270869,-80.8431267
ACCO Brands,1949,132,6.77,6620,"Home Equipment, Furnishings",Lake Zurich,IL,42.1969689,-88.0934108
Echo Global Logistics,1943,13,0.67,2453,Transportation and Logistics,Chicago,IL,41.8781136,-87.6297982
Cadence Design Systems,1943,204,10.5,7214,Computer Software,San Jose,CA,37.3382082,-121.8863286
Nuance Communications,1939,-151,-7.79,11600,Computer Software,Burlington,MA,42.5047161,-71.1956205
Finish Line,1934,-18,-0.93,8200,Specialty Retailers: Apparel,Indianapolis,IN,39.768403,-86.158068
TransUnion,1934,441,22.8,5100,Financial Data Services,Chicago,IL,41.8781136,-87.6297982
ServiceNow,1933,-149,-7.71,6222,Computer Software,Santa Clara,CA,37.3541079,-121.9552356
Summit Materials,1933,122,6.31,6000,"Building Materials, Glass",Denver,CO,39.7392358,-104.990251
Engility Holdings,1932,-35,-1.81,8700,Aerospace and Defense,Chantilly,VA,38.8942786,-77.4310992
Ferrellgas Partners,1930,-54,-2.8,3891,Energy,Overland Park,KS,38.9822282,-94.6707917
Interactive Brokers Group,1927,76,3.94,1228,Securities,Greenwich,CT,41.0262417,-73.6281964
Stepan,1925,92,4.78,2096,Chemicals,Northfield,IL,42.09975,-87.7808967
Oceaneering International,1922,166,8.64,8200,"Oil and Gas Equipment, Services",Houston,TX,29.7604267,-95.3698028
Cimarex Energy,1918,494,25.76,910,"Mining, Crude-Oil Production",Denver,CO,39.7392358,-104.990251
Rexnord,1918,74,3.86,8000,Industrial Machinery,Milwaukee,WI,43.0389025,-87.9064736
Beazer Homes USA,1916,32,1.67,1100,Homebuilders,Atlanta,GA,33.7489954,-84.3879824
MKS Instruments,1916,339,17.69,4923,Semiconductors and Other Electronic Components,Andover,MA,42.6583356,-71.1367953
Vail Resorts,1907,211,11.06,20150,"Hotels, Casinos, Resorts",Broomfield,CO,39.9205411,-105.0866504
Ohio National Mutual,1907,26,1.36,1300,"Insurance: Life, Health (stock)",Cincinnati,OH,39.1031182,-84.5120196
TopBuild,1906,158,8.29,8400,"Engineering, Construction",Daytona Beach,FL,29.2108147,-81.0228331
Brown & Brown,1881,400,21.27,8491,Insurance: Property and Casualty (Stock),Daytona Beach,FL,29.2108147,-81.0228331
Aerojet Rocketdyne Holdings,1877,-9,-0.48,5157,Aerospace and Defense,El Segundo,CA,33.9191799,-118.4164652
Barnes & Noble Education,1874,5,0.27,13375,Specialty Retailers: Other,Bernards,NJ,40.7066174,-74.5493284
Superior Energy Services,1874,-206,-10.99,6400,"Oil and Gas Equipment, Services",Houston,TX,29.7604267,-95.3698028
VeriFone Systems,1871,-174,-9.3,5600,Financial Data Services,San Jose,CA,37.3382082,-121.8863286
Childrens Place,1870,85,4.55,9800,Specialty Retailers: Apparel,Secaucus,NJ,40.7895453,-74.0565298
Tribune Media,1867,194,10.39,6000,Entertainment,Chicago,IL,41.8781136,-87.6297982
Healthcare Services Group,1866,88,4.72,55000,Health Care: Pharmacy and Other Services,Bensalem,PA,40.0994425,-74.9325683
SiteOne Landscape Supply,1862,55,2.95,3664,Wholesalers: Diversified,Roswell,GA,34.0232431,-84.3615555
Charles River Laboratories Intl,1858,123,6.62,11800,Health Care: Pharmacy and Other Services,Wilmington,MA,42.5481714,-71.1724467
CoreLogic,1851,152,8.21,5900,Financial Data Services,Irvine,CA,33.6845673,-117.8265049
Ensign Group,1849,41,2.22,21301,Health Care: Medical Facilities,Mission Viejo,CA,33.5968913,-117.6581562
HCP,1848,414,22.4,190,Real estate,Irvine,CA,33.6845673,-117.8265049
Avaya Holdings,3272,0,0,8700,Information Technology Services,Santa Clara,CA,37.3541079,-121.9552356